CustomerID,Recency,Frequency,Monetary,Cluster
12346,326,1,77183.6,0
12747,3,11,4196.01,0
12748,1,209,33719.73,0
12749,4,5,4090.88,0
12820,4,4,942.34,1
12821,215,1,92.72,2
12822,71,2,948.88,1
12823,75,5,1759.5,0
12824,60,1,397.12,1
12826,3,7,1474.72,0
12827,6,3,430.15000000000003,1
12828,3,6,1018.71,0
12829,337,2,293.0,2
12830,38,6,6814.64,0
12831,263,1,215.05,2
12832,33,2,383.03,1
12833,146,1,417.38,1
12834,283,1,312.38,2
12836,60,4,2612.86,0
12837,174,1,134.1,2
12838,34,2,683.13,1
12839,3,14,5591.42,0
12840,144,4,2726.77,0
12841,5,25,4022.35,0
12842,71,2,1118.99,1
12843,66,8,1702.26,0
12844,30,2,325.96000000000004,1
12845,268,4,354.09,2
12847,23,1,871.54,1
12849,32,2,1050.8899999999999,1
12851,97,1,135.18,1
12852,295,1,311.55,2
12853,135,6,1957.1000000000001,0
12854,79,3,1324.5,1
12855,373,1,38.1,2
12856,8,6,2179.93,0
12857,211,2,1106.4,2
12863,53,1,521.2,1
12864,139,1,147.12,2
12867,27,7,4036.82,0
12868,186,6,1607.0600000000002,0
12871,85,2,380.64,1
12872,327,2,599.97,2
12873,283,1,374.0,2
12875,144,2,343.2300000000001,1
12877,4,12,1535.77,0
12878,237,2,854.99,2
12879,45,3,573.22,1
12881,276,1,298.0,2
12882,10,2,1463.04,1
12883,25,4,703.47,1
12884,89,1,309.05,1
12885,64,3,1175.22,1
12886,68,2,1378.4,1
12888,215,2,354.12,2
12890,25,1,380.46999999999997,1
12891,186,3,331.0,2
12893,31,1,188.14,1
12895,43,2,372.8,1
12897,205,2,216.5,2
12901,9,28,17654.54,0
12902,265,1,138.68,2
12904,19,2,509.58,1
12906,12,5,2919.81,0
12908,177,2,750.0,2
12909,40,5,2178.67,0
12910,24,8,3075.04,0
12912,3,5,1662.3,0
12913,5,5,2483.63,0
12915,149,2,363.65,1
12916,139,4,3006.15,0
12917,129,1,594.0,1
12919,9,6,1335.19,0
12920,18,1,164.23,1
12921,10,37,16587.09,0
12922,162,1,405.38,2
12923,65,1,176.97,1
12924,89,4,933.7,1
12925,5,2,694.05,1
12928,36,5,2062.7000000000003,0
12929,312,1,117.85,2
12930,79,2,415.8,1
12931,22,15,42055.96,0
12933,25,3,607.53,1
12935,3,7,2160.7,0
12936,18,4,1063.9,0
12937,16,4,1504.27,0
12938,26,1,114.14,1
12939,65,8,11581.8,0
12940,55,2,913.54,1
12942,132,3,683.9,1
12944,36,2,604.51,1
12945,289,1,462.95,2
12947,144,6,1603.99,0
12948,17,7,2064.95,0
12949,31,8,4167.22,0
12950,3,3,1843.0,0
12951,9,6,1064.07,0
12952,6,4,1387.79,0
12953,10,1,329.85,1
12955,2,11,4757.16,0
12956,307,1,108.07,2
12957,10,8,4017.54,0
12962,8,2,266.39,1
12963,9,8,1856.63,0
12965,90,1,771.91,1
12966,10,1,160.18,1
12967,359,2,1660.9,2
12968,113,1,135.95,1
12970,8,4,452.24,1
12971,4,86,11189.91,0
12974,198,1,144.8,2
12976,212,1,738.6,2
12977,157,1,39.239999999999995,2
12980,158,9,7374.900000000001,0
12981,30,2,372.21999999999997,1
12982,243,1,390.54,2
12984,19,1,97.5,1
12985,1,2,1239.38,1
12987,74,2,558.7,1
12988,293,1,535.32,2
12989,4,15,6924.110000000001,0
12990,32,3,409.5,1
12991,24,2,503.76,1
12993,24,4,414.76,1
12994,5,3,974.4200000000001,1
12995,86,1,211.32,1
12997,23,4,1226.89,0
12999,197,3,455.88,2
13000,107,3,534.85,1
13001,5,13,9818.82,0
13002,319,1,120.94999999999999,2
13003,106,3,149.05,1
13004,12,18,5655.91,0
13005,174,2,513.7,2
13006,57,1,81.57,1
13008,324,1,229.46999999999997,2
13011,373,1,50.550000000000004,2
13012,10,8,1661.8400000000001,0
13013,2,13,4810.9400000000005,0
13014,11,10,3466.2799999999997,0
13015,54,5,3346.28,0
13016,74,3,789.89,1
13017,8,1,204.0,1
13018,17,28,7277.7,0
13021,5,9,2616.38,0
13023,65,2,689.9,1
13026,2,5,975.36,0
13027,114,6,6912.0,0
13028,23,2,661.3199999999999,1
13029,31,3,1247.5,1
13030,12,2,799.48,1
13032,53,2,1010.18,1
13033,358,1,190.55,2
13034,55,2,642.77,1
13035,74,2,921.88,1
13037,139,3,881.07,1
13038,81,3,908.46,1
13040,9,2,676.99,1
13043,274,1,516.42,2
13044,292,1,560.47,2
13045,100,1,305.28000000000003,1
13046,31,2,629.31,1
13047,32,10,3237.54,0
13048,15,4,1835.91,0
13049,65,2,656.6800000000001,1
13050,15,17,5836.86,0
13052,213,1,348.15000000000003,2
13055,79,3,1214.41,1
13058,25,3,271.40000000000003,1
13059,250,1,183.4,2
13060,254,1,307.53,2
13061,73,1,248.61,1
13062,192,1,346.98,2
13064,13,4,1119.49,0
13065,374,1,205.86,2
13066,25,2,470.8,1
13067,83,1,115.46000000000001,1
13068,11,2,344.0,1
13069,1,24,4436.12,0
13070,193,1,228.8,2
13072,267,1,177.15,2
13075,130,1,919.61,1
13077,2,4,729.27,1
13078,4,26,12627.94,0
13079,5,5,220.10000000000002,1
13080,180,1,58.08,2
13081,12,11,28337.38,0
13082,127,9,3613.63,0
13083,5,2,303.75,1
13085,158,2,416.08000000000004,1
13089,3,97,58825.83,0
13090,9,14,8910.82,0
13091,29,1,345.82,1
13092,71,5,477.83,1
13093,276,8,7832.47,0
13094,22,12,1927.3200000000002,0
13095,71,1,74.39999999999999,1
13097,33,10,6010.42,0
13098,2,28,28882.44,0
13099,100,1,207.35999999999999,1
13101,235,1,101.19,2
13102,2,24,6424.09,0
13103,40,1,243.94,1
13104,4,6,1098.48,0
13106,134,1,76.5,2
13107,45,4,1531.6200000000001,0
13108,373,1,350.06,2
13109,60,2,786.54,1
13110,32,7,1488.67,0
13113,1,24,12245.960000000001,0
13115,12,4,2294.78,0
13116,139,1,501.14,1
13117,22,8,984.91,0
13118,20,5,1197.81,0
13120,239,1,30.599999999999998,2
13121,270,1,283.73,2
13122,95,2,922.39,1
13124,90,3,3866.33,0
13126,5,8,2099.64,0
13127,78,1,259.17,1
13130,95,1,64.0,1
13131,24,3,1073.3,1
13132,262,1,77.3,2
13133,274,2,109.8,2
13134,86,4,1793.58,0
13135,197,1,3096.0,2
13136,57,5,2607.61,0
13137,11,8,3650.41,0
13138,23,6,962.39,0
13139,17,7,5064.94,0
13140,109,3,423.72,1
13141,85,5,2388.75,0
13142,20,1,307.09,1
13144,333,1,110.95,2
13145,40,4,618.52,1
13146,27,1,228.91,1
13147,11,4,712.8000000000001,1
13148,30,12,3707.12,0
13149,15,4,1676.06,0
13151,296,1,1257.8700000000001,2
13153,6,1,486.22,1
13155,34,4,971.76,1
13157,50,4,1741.22,0
13158,95,4,1201.06,1
13159,9,4,1437.85,0
13160,23,1,91.8,1
13161,314,1,112.75,2
13162,123,4,1688.29,0
13165,47,2,1021.48,1
13166,284,1,417.2,2
13167,19,4,791.33,1
13168,37,4,1319.19,0
13169,64,2,712.88,1
13170,27,1,116.00999999999999,1
13171,22,3,468.41,1
13173,5,2,353.65,1
13174,17,3,2817.03,0
13176,47,1,492.84,1
13177,65,1,282.45,1
13178,27,11,5725.47,0
13182,46,1,121.18,1
13183,8,9,3957.78,0
13184,15,10,1701.29,0
13185,268,1,71.4,2
13186,40,3,1575.89,1
13187,338,1,236.02,2
13188,12,1,114.60000000000001,1
13189,19,2,260.68,1
13192,96,2,911.94,1
13193,62,1,117.88,1
13194,136,1,60.7,2
13196,12,4,1797.78,0
13198,11,6,3401.2400000000002,0
13199,4,38,9817.12,0
13200,20,4,870.09,1
13203,10,4,869.46,1
13207,16,2,250.26000000000002,1
13208,59,6,1223.9,0
13209,31,8,5891.61,0
13210,94,1,353.48,1
13211,11,3,1197.42,1
13212,20,3,788.08,1
13213,57,5,1520.58,0
13216,268,1,333.74,2
13217,123,3,533.98,1
13218,128,1,62.63999999999999,2
13220,79,4,819.2900000000001,1
13221,241,2,847.41,2
13223,201,2,163.20000000000002,2
13224,61,2,2155.95,1
13225,4,7,6463.84,0
13226,274,1,108.21000000000001,2
13227,202,1,257.7,2
13228,82,1,358.0,1
13229,226,1,160.95,2
13230,5,14,2806.97,0
13232,13,7,1357.6,0
13233,75,2,605.12,1
13235,213,1,1031.07,2
13236,25,2,744.85,1
13238,18,4,700.73,1
13239,262,1,329.56,2
13240,97,4,663.65,1
13242,113,3,270.40000000000003,1
13243,204,1,600.07,2
13244,93,1,121.74000000000001,1
13245,51,1,430.5,1
13246,19,6,1987.3,0
13247,18,4,501.12,1
13248,125,2,465.68,1
13249,93,3,711.41,1
13253,157,2,1030.4,1
13255,10,2,399.51,1
13258,12,3,698.58,1
13259,62,1,292.32,1
13260,62,1,557.62,1
13261,269,2,944.1,2
13262,264,1,200.29,2
13263,2,35,7454.07,0
13265,54,5,2107.66,0
13266,12,12,3834.2599999999998,0
13267,3,19,4521.49,0
13268,18,11,3214.69,0
13269,2,15,5346.2300000000005,0
13270,367,1,590.0,2
13271,38,1,217.38,1
13272,32,2,276.56,1
13273,114,1,138.98,1
13276,64,2,590.9300000000001,1
13277,16,4,258.4,1
13278,41,1,542.73,1
13279,79,1,137.75,1
13280,123,3,814.86,1
13282,19,3,1132.14,1
13283,60,2,93.66,1
13284,331,1,201.19,2
13285,24,4,2709.12,0
13291,156,1,361.11,2
13292,39,2,578.9399999999999,1
13294,190,2,873.74,2
13295,360,1,201.20000000000002,2
13296,138,1,87.4,2
13297,8,4,2089.85,0
13298,2,1,360.0,1
13299,269,1,142.5,2
13300,170,1,371.89,2
13301,104,4,618.09,1
13302,156,1,63.75,2
13304,352,1,300.42,2
13305,5,10,2000.86,0
13307,121,1,15.0,2
13308,23,3,1385.51,1
13309,8,5,1456.79,0
13310,29,3,1132.03,1
13311,5,2,598.57,1
13313,23,5,1555.32,0
13314,2,3,775.94,1
13316,38,4,5977.7300000000005,0
13317,67,6,2273.68,0
13318,2,3,640.76,1
13319,6,26,10845.550000000001,0
13320,79,4,1548.7,0
13321,73,2,567.36,1
13322,18,1,199.48000000000002,1
13323,4,5,787.85,0
13324,37,10,7121.95,0
13325,82,1,675.3,1
13327,39,8,3627.77,0
13328,317,1,1308.48,2
13329,32,2,789.0,1
13330,93,3,1140.93,1
13332,15,1,350.9,1
13334,83,3,3536.82,0
13336,78,1,795.12,1
13338,158,1,487.02,2
13339,201,1,860.12,2
13340,46,7,10736.48,0
13341,261,1,775.85,2
13343,178,1,353.43,2
13344,68,3,2543.72,0
13345,288,1,389.5,2
13347,71,1,341.36,1
13348,65,1,233.76,1
13349,11,1,247.32,1
13350,17,2,979.12,1
13351,67,1,373.94,1
13352,61,1,397.97999999999996,1
13354,72,1,743.53,1
13355,123,1,674.7,1
13356,81,1,768.24,1
13357,258,1,609.95,2
13358,269,1,439.03,2
13359,64,1,439.56,1
13362,10,4,3090.7400000000002,0
13363,18,2,992.5,1
13364,72,1,134.95999999999998,1
13365,34,2,2225.37,1
13366,51,1,56.160000000000004,1
13368,257,2,623.4,2
13369,366,1,308.28000000000003,2
13370,372,1,754.87,2
13372,90,1,378.64,1
13373,61,3,3312.25,0
13375,89,1,778.65,1
13376,100,3,1019.76,1
13379,27,3,572.56,1
13381,32,6,3639.31,0
13382,281,1,222.99,2
13384,31,7,4151.93,0
13385,330,1,534.57,2
13388,132,2,677.1,1
13389,12,3,797.96,1
13390,75,1,544.08,1
13391,204,1,59.8,2
13394,2,8,2520.02,0
13395,186,1,307.72,2
13396,30,2,1360.99,1
13397,73,5,1544.13,0
13398,193,1,457.34,2
13402,128,2,621.23,1
13403,18,1,75.0,1
13404,2,2,252.49,1
13405,75,3,572.451,1
13408,2,62,28117.04,0
13410,25,5,1003.06,0
13411,108,1,213.55,1
13414,134,3,1390.5,1
13416,44,2,712.5,1
13417,5,2,640.83,1
13418,12,18,6127.43,0
13419,64,1,221.06,1
13420,150,2,159.85,2
13421,41,2,1851.08,1
13422,65,1,2626.3,1
13425,109,3,1624.21,1
13426,1,10,3641.32,0
13427,20,3,582.6,1
13428,11,1,218.47,1
13429,11,4,1006.8,1
13430,19,2,679.45,1
13431,68,2,1269.1,1
13434,75,2,534.24,1
13435,6,7,3809.8900000000003,0
13436,2,1,196.89,1
13437,15,7,3408.06,0
13439,256,1,283.71,2
13441,92,1,296.64,1
13447,24,3,1129.14,1
13448,17,6,3539.37,0
13449,24,1,291.88,1
13450,27,6,2043.7199999999998,0
13451,27,5,2976.15,0
13452,260,2,590.0,2
13453,166,2,356.97999999999996,2
13455,25,2,1058.34,1
13456,18,6,1766.72,0
13458,8,14,9646.57,0
13460,30,2,183.44,1
13461,39,3,1445.0,1
13462,253,1,151.5,2
13464,59,1,674.68,1
13466,185,1,307.9,2
13467,11,2,1083.71,1
13468,2,37,5704.97,0
13470,100,2,165.0,1
13471,2,4,2531.58,0
13473,61,2,422.64,1
13474,237,1,229.59,2
13475,192,4,1431.78,1
13476,179,2,1238.47,1
13477,38,6,1454.58,0
13479,201,2,300.95,2
13481,46,5,1804.56,0
13482,233,1,184.64,2
13483,66,1,140.34,1
13484,242,1,313.8,2
13485,234,1,454.24,2
13486,79,3,1122.41,1
13487,58,3,575.4,1
13488,18,13,8968.31,0
13489,106,4,449.52,1
13491,52,10,1215.82,0
13494,312,1,316.26000000000005,2
13495,8,5,2044.8700000000001,0
13496,11,2,653.33,1
13497,283,2,348.05,2
13499,18,5,1159.11,0
13500,24,3,1166.77,1
13502,17,3,292.0,1
13503,72,1,216.85,1
13504,65,1,295.93,1
13506,317,2,458.52,2
13507,4,4,2479.16,0
13508,244,1,110.97,2
13509,9,7,979.72,0
13510,2,4,1791.56,0
13512,261,1,251.21,2
13513,127,1,205.1,1
13514,74,1,152.20000000000002,1
13515,73,4,891.12,1
13516,22,3,1389.41,1
13517,60,3,2128.42,0
13518,86,1,659.4399999999999,1
13519,79,1,122.75,1
13521,2,3,1093.65,1
13522,31,1,125.80000000000001,1
13523,34,5,3964.88,0
13524,41,5,680.1800000000001,1
13525,15,2,628.78,1
13527,34,7,2287.51,0
13529,79,2,307.76,1
13531,206,2,483.8,2
13532,34,1,210.31,1
13533,183,3,270.79,2
13534,3,25,5870.08,0
13536,2,7,3448.29,0
13538,44,7,1280.85,0
13539,86,3,631.34,1
13544,40,2,291.41,1
13546,13,3,626.99,1
13548,97,2,682.41,1
13549,26,7,918.2,0
13551,320,1,91.80000000000001,2
13552,67,12,3740.07,0
13555,74,4,4149.28,0
13557,29,2,584.06,1
13558,6,4,605.06,1
13560,8,1,174.37,1
13561,216,1,141.85999999999999,2
13562,82,3,1799.33,1
13563,85,2,777.53,1
13564,145,3,1749.02,1
13565,20,2,240.22,1
13566,41,2,874.71,1
13568,174,1,192.85,2
13569,18,2,373.75,1
13570,244,1,239.49,2
13571,13,12,2092.32,0
13572,206,1,1384.25,2
13573,51,2,294.4,1
13575,24,5,732.0699999999999,1
13576,11,18,6717.34,0
13577,26,4,1687.6000000000001,0
13579,15,2,467.04,1
13581,310,1,118.0,2
13583,156,1,781.03,1
13584,307,1,142.4,2
13587,64,1,712.4,1
13588,16,9,2478.95,0
13589,15,2,379.65,1
13590,12,6,1981.92,0
13591,65,3,1117.13,1
13592,36,4,247.95999999999998,1
13593,109,5,2037.0800000000002,0
13594,53,1,396.97,1
13596,6,2,697.04,1
13598,48,1,180.17000000000002,1
13599,2,21,5153.67,0
13600,313,1,219.52,2
13601,46,2,693.32,1
13602,65,1,428.89,1
13603,27,1,164.34,1
13606,30,3,280.53999999999996,1
13607,41,1,678.01,1
13610,13,7,1131.88,0
13611,90,3,1171.8,1
13614,25,4,1610.46,0
13615,319,1,417.69,2
13617,41,3,544.18,1
13618,174,1,177.34,2
13621,117,1,213.85,1
13623,31,5,747.78,1
13626,253,1,257.23,2
13627,60,5,1638.47,0
13629,24,11,7792.36,0
13630,6,7,2031.78,0
13631,100,11,3070.42,0
13632,25,5,2121.27,0
13634,34,5,1575.16,0
13635,68,1,1071.03,1
13636,37,5,949.12,0
13637,53,3,810.5,1
13638,16,1,122.64,1
13639,75,1,1033.34,1
13642,216,1,354.8,2
13643,32,3,519.44,1
13644,17,4,2624.26,0
13645,121,1,252.1,1
13647,10,4,1678.1200000000001,0
13649,257,2,346.6,2
13650,17,6,1836.34,0
13651,36,2,94.2,1
13652,46,3,1095.08,1
13654,44,6,2707.33,0
13655,115,2,932.97,1
13656,165,2,379.65,2
13657,11,2,382.14,1
13658,10,5,2639.17,0
13659,206,2,1573.2,2
13662,86,3,897.76,1
13663,180,1,189.47,2
13666,61,3,84.65,1
13667,150,1,305.02,2
13668,3,21,6363.59,0
13669,51,2,218.55,1
13670,76,1,349.7,1
13672,302,2,186.39000000000001,2
13673,19,2,396.92,1
13675,152,2,486.82000000000005,1
13678,152,1,232.6,2
13680,2,4,3722.42,0
13681,18,4,827.83,1
13682,188,1,59.5,2
13684,286,1,67.23,2
13685,3,7,3119.44,0
13686,183,1,72.0,2
13689,64,1,910.0,1
13690,60,1,172.25,1
13692,25,3,1488.32,1
13694,4,50,65039.62,0
13695,32,15,2504.13,0
13697,39,1,151.29999999999998,1
13699,156,1,308.58000000000004,2
13700,27,10,2265.12,0
13703,319,1,99.5,2
13704,6,9,2308.06,0
13705,8,3,711.86,1
13706,303,1,330.79,2
13707,268,2,806.41,2
13708,272,1,296.88,2
13709,4,13,6328.05,0
13710,32,1,180.48,1
13711,219,2,252.06,2
13712,247,1,228.84,2
13715,282,5,1079.34,2
13716,270,1,138.28,2
13717,33,6,1445.01,0
13718,247,2,306.55,2
13719,16,5,1041.68,0
13720,117,4,799.9,1
13721,37,1,524.14,1
13722,132,3,2375.41,0
13723,218,1,199.85000000000002,2
13725,50,8,1980.56,0
13726,39,2,1079.6599999999999,1
13727,29,2,333.48,1
13728,37,6,1016.14,0
13730,136,2,752.6,1
13731,220,2,610.59,2
13732,29,1,491.86,1
13735,25,4,2885.2400000000002,0
13736,6,2,731.9,1
13737,201,1,339.59999999999997,2
13739,19,1,216.9,1
13740,241,1,350.75,2
13741,72,3,668.4300000000001,1
13742,17,12,3131.02,0
13743,3,7,1341.6,0
13744,96,2,1156.36,1
13745,163,1,300.04,2
13747,374,1,79.6,2
13748,96,5,948.25,0
13750,54,5,1647.26,0
13751,289,1,296.25,2
13752,125,6,1186.28,0
13753,288,1,741.26,2
13754,152,2,282.59999999999997,1
13755,4,9,2161.35,0
13756,3,14,5189.52,0
13758,12,7,3190.55,0
13759,34,2,659.4100000000001,1
13760,55,2,286.79,1
13761,51,2,1070.65,1
13762,219,1,306.72,2
13763,64,1,1714.96,1
13764,71,3,1521.76,1
13767,3,37,17220.36,0
13769,3,10,2796.51,0
13771,65,4,2634.45,0
13772,34,3,1132.13,1
13774,82,1,345.0,1
13777,1,33,25977.16,0
13778,104,1,178.7,1
13780,8,2,360.01,1
13781,251,1,127.84,2
13782,13,6,912.0,0
13784,10,11,2462.79,0
13786,368,1,230.39999999999998,2
13787,76,2,309.04,1
13790,5,1,348.8,1
13791,128,2,1516.0,1
13792,67,2,195.55,1
13798,2,57,37153.85,0
13799,117,2,688.86,1
13800,310,1,558.32,2
13801,67,1,324.8,1
13802,139,3,4599.42,0
13803,256,1,277.07,2
13804,31,7,2635.79,0
13805,53,2,924.6,1
13806,64,1,256.38,1
13807,368,1,112.6,2
13808,6,5,1747.66,0
13819,302,3,1140.35,2
13821,145,2,385.64,1
13822,6,2,632.0,1
13823,19,2,957.66,1
13824,33,5,1698.94,0
13826,177,1,189.5,2
13827,58,3,412.05,1
13828,23,1,209.49,1
13831,17,6,2202.99,0
13832,20,1,52.199999999999996,1
13833,160,1,384.8,2
13835,26,4,834.57,1
13837,212,2,271.24,2
13838,6,4,691.73,1
13841,253,1,85.0,2
13842,59,9,3385.62,0
13844,12,1,361.62,1
13845,65,1,312.98,1
13846,25,3,865.0600000000001,1
13848,93,3,1255.0,1
13849,52,2,1537.95,1
13850,130,1,1595.48,1
13851,96,3,2651.46,0
13853,58,1,1090.14,1
13854,9,25,8109.5199999999995,0
13856,169,3,388.5,2
13858,58,1,216.17,1
13859,327,1,201.16,2
13860,2,5,1245.9,0
13862,19,8,2209.36,0
13863,248,1,305.78,2
13865,59,4,501.56,1
13866,75,1,145.67000000000002,1
13867,32,3,1015.29,1
13868,8,2,3192.54,0
13869,124,4,3104.95,0
13870,3,8,2770.94,0
13871,23,13,6403.25,0
13873,120,3,389.6,1
13874,359,1,540.45,2
13875,54,5,1786.79,0
13876,64,1,122.7,1
13877,87,1,117.24,1
13878,55,1,1281.53,1
13880,22,13,3219.77,0
13881,4,20,17159.52,0
13882,3,5,1191.13,0
13883,11,5,2674.48,0
13884,8,5,787.6,0
13885,190,2,506.8,2
13886,72,1,243.56,1
13887,205,1,349.55,2
13888,120,2,605.63,1
13889,93,1,416.90000000000003,1
13890,2,10,1883.8100000000002,0
13892,27,4,632.97,1
13893,298,1,821.1,2
13894,24,3,564.62,1
13895,29,4,2593.07,0
13897,51,1,311.16,1
13898,326,1,155.93,2
13899,17,2,388.52,1
13900,184,3,740.95,2
13901,73,5,2867.2,0
13904,38,2,332.64,1
13908,80,4,2369.55,0
13911,58,9,2580.91,0
13914,12,2,626.45,1
13917,50,2,272.04,1
13918,50,2,1212.8400000000001,1
13922,352,1,172.25,2
13923,54,1,351.13,1
13924,2,6,1838.8500000000001,0
13925,93,4,678.25,1
13926,24,1,223.85000000000002,1
13927,75,1,348.99,1
13928,11,4,464.57,1
13929,170,2,842.65,1
13930,58,2,337.34,1
13931,96,2,1237.53,1
13932,295,1,307.4,2
13933,110,2,608.7900000000001,1
13934,264,1,922.1,2
13936,180,1,376.58,2
13937,170,1,158.85,2
13938,36,1,71.66,1
13939,24,3,568.55,1
13940,18,4,839.14,1
13941,22,5,5112.96,0
13946,80,3,561.5699999999999,1
13947,66,1,90.6,1
13948,361,1,102.0,2
13949,3,6,2427.32,0
13950,12,4,745.06,1
13951,177,3,674.45,2
13952,218,2,3251.071,2
13953,8,7,3515.68,0
13954,2,2,439.92,1
13955,155,2,322.96,1
13956,6,5,1026.42,0
13959,80,3,598.2,1
13960,22,2,230.22,1
13962,22,2,169.55,1
13963,309,4,664.54,2
13967,146,1,80.7,2
13969,8,18,9053.94,0
13971,19,8,2758.26,0
13972,71,2,190.25,1
13973,288,1,264.7,2
13974,50,1,413.59000000000003,1
13975,32,6,2526.28,0
13976,207,1,357.98,2
13978,15,2,196.79000000000002,1
13979,74,1,869.87,1
13980,61,1,200.14,1
13982,40,4,1871.81,0
13983,30,12,2603.43,0
13984,27,5,920.51,0
13985,5,15,7060.13,0
13986,18,1,320.46,1
13988,20,6,4147.96,0
13989,66,2,1266.08,1
13990,214,1,311.3,2
13991,13,6,855.97,0
13992,31,1,76.8,1
13993,43,9,3466.36,0
13994,4,6,2313.14,0
13995,16,5,1393.69,0
13999,11,12,3901.81,0
14000,212,1,635.66,2
14001,46,3,2043.0800000000002,0
14002,135,2,529.73,1
14004,44,7,4582.64,0
14005,10,5,2874.72,0
14006,116,3,962.19,1
14009,199,2,695.61,2
14012,278,1,328.8,2
14013,111,3,473.02,1
14014,78,1,505.18,1
14015,53,1,917.34,1
14019,47,3,1421.61,1
14020,17,2,642.8,1
14021,156,3,631.9,1
14022,226,1,440.0,2
14023,8,2,584.07,1
14024,122,2,327.7,1
14027,61,1,104.82,1
14029,64,2,467.66,1
14030,19,8,2360.09,0
14031,8,19,17286.86,0
14032,3,11,2975.59,0
14034,23,3,651.8199999999999,1
14035,29,5,1428.02,0
14036,285,1,626.65,2
14037,177,2,147.20000000000002,2
14038,79,3,1560.38,1
14039,34,1,152.2,1
14040,41,12,3614.92,0
14041,267,1,141.41,2
14044,27,4,652.82,1
14045,110,4,1659.75,0
14046,285,1,154.99,2
14047,9,5,1308.6100000000001,0
14048,306,1,409.93,2
14049,17,4,5681.72,0
14050,32,2,746.36,1
14051,1,23,15610.390000000001,0
14052,20,1,225.36,1
14053,125,2,260.25,1
14054,66,1,92.46,1
14055,107,1,725.6400000000001,1
14056,2,23,8214.65,0
14057,24,17,6217.96,0
14059,267,1,183.6,2
14060,5,19,6140.42,0
14062,10,12,10464.85,0
14064,30,5,1353.74,0
14066,267,1,152.55,2
14067,64,2,374.7,1
14068,321,1,265.85,2
14071,4,8,1438.82,0
14073,33,1,151.04,1
14075,5,3,942.26,1
14076,130,1,122.47,1
14077,41,5,499.41999999999996,1
14078,102,6,1049.37,0
14079,125,1,375.1,1
14080,33,1,45.599999999999994,1
14081,303,2,934.52,2
14082,365,1,182.25,2
14083,5,9,1018.43,0
14085,3,18,4448.54,0
14087,3,1,194.42,1
14088,11,13,50491.81,0
14089,57,1,161.0,1
14090,325,1,76.32000000000001,2
14092,8,14,4076.91,0
14093,13,1,442.85,1
14096,5,17,65164.79,0
14098,37,1,147.35,1
14099,17,11,3104.17,0
14100,138,1,194.9,1
14101,74,6,5976.79,0
14102,6,5,1360.28,0
14104,155,2,216.20999999999998,2
14105,240,1,1266.23,2
14107,52,7,2703.23,0
14108,31,2,597.91,1
14109,73,1,144.2,1
14110,4,12,5683.15,0
14111,15,4,692.85,1
14112,23,7,2915.15,0
14113,4,4,1840.42,0
14114,274,2,386.53,2
14116,20,5,1382.74,0
14117,144,1,90.0,2
14121,4,4,2780.15,0
14124,85,1,419.58000000000004,1
14125,11,3,2740.43,0
14126,8,3,706.1300000000001,1
14127,123,3,709.71,1
14128,61,2,637.5,1
14129,2,5,1123.8600000000001,0
14130,320,1,483.86,2
14132,3,11,3586.0299999999997,0
14133,130,3,605.64,1
14135,2,15,4690.31,0
14138,2,2,982.3800000000001,1
14139,47,1,415.82,1
14140,4,2,935.05,1
14141,3,4,915.13,1
14142,374,1,311.81,2
14143,134,1,115.8,2
14145,47,4,3742.2,0
14146,9,5,4191.0,0
14147,79,2,483.4,1
14148,234,1,157.2,2
14149,221,1,446.62,2
14150,36,2,658.64,1
14152,76,2,621.29,1
14154,240,2,1345.62,2
14155,267,1,118.75,2
14157,20,2,432.88,1
14158,41,1,507.66,1
14159,20,11,4693.01,0
14161,216,3,1110.52,2
14162,174,2,289.36,2
14163,88,4,2445.91,0
14164,71,2,1631.77,1
14165,276,1,122.53999999999999,2
14167,40,4,574.84,1
14171,99,1,363.79,1
14173,11,4,450.84,1
14174,34,1,134.46,1
14175,60,3,3222.3,0
14176,298,4,576.9000000000001,2
14177,87,4,559.41,1
14178,9,7,1620.93,0
14179,41,2,719.78,1
14180,11,25,4748.52,0
14184,67,1,452.89,1
14185,332,1,197.65,2
14188,31,6,2054.36,0
14189,3,15,4654.08,0
14191,2,13,4684.76,0
14193,68,2,853.39,1
14194,5,21,11349.52,0
14195,202,2,1012.0,2
14196,107,1,335.52,1
14198,19,4,701.4,1
14199,219,1,185.39999999999998,2
14201,61,7,747.44,0
14204,3,1,161.03,1
14205,17,2,466.7,1
14206,240,1,328.15999999999997,2
14208,95,1,151.74,1
14209,11,6,2073.43,0
14210,106,6,1905.8400000000001,0
14211,54,9,2241.1,0
14212,90,1,1070.48,1
14214,31,5,1004.38,0
14215,12,6,1789.72,0
14216,4,4,1839.3,0
14217,2,17,2004.98,0
14218,43,1,169.48000000000002,1
14219,5,1,89.94,1
14220,248,2,632.4,2
14221,43,9,3432.8,0
14222,178,1,683.17,2
14223,93,3,991.13,1
14224,111,4,1050.12,1
14226,29,5,2232.19,0
14227,27,10,3350.96,0
14229,52,3,1547.2,1
14231,184,3,925.71,2
14232,43,5,2048.07,0
14233,50,4,1462.72,0
14234,23,4,775.46,1
14235,76,5,3144.86,0
14236,81,2,490.86,1
14237,374,1,161.0,2
14238,327,1,146.85,2
14239,44,11,2380.85,0
14240,31,2,890.34,1
14241,184,1,213.70000000000002,2
14242,235,2,280.55,2
14243,9,10,2588.77,0
14245,220,2,1693.45,2
14246,111,3,1474.06,1
14247,279,1,136.76999999999998,2
14248,319,1,302.58,2
14250,8,3,1904.05,0
14251,2,5,2879.7000000000003,0
14256,261,2,969.0600000000001,2
14257,65,5,3099.7200000000003,0
14258,10,9,12669.98,0
14259,142,1,120.0,2
14261,51,2,1163.45,1
14262,9,8,2618.23,0
14264,155,2,333.97,1
14267,163,3,1516.24,1
14270,332,1,492.65000000000003,2
14271,226,1,112.32,2
14272,74,2,437.96,1
14273,52,4,559.97,1
14276,99,3,1119.74,1
14280,197,1,134.04,2
14282,4,15,3729.34,0
14284,31,2,595.25,1
14285,22,4,1910.01,0
14286,24,3,4628.75,0
14287,9,3,176.63,1
14288,214,1,426.6,2
14289,9,6,911.26,0
14290,12,5,2314.65,0
14291,2,11,3883.25,0
14292,8,9,4871.93,0
14293,4,4,1046.56,0
14295,41,1,166.20000000000002,1
14297,18,4,1305.33,0
14298,9,44,51527.3,0
14299,9,9,3965.62,0
14300,19,1,43.2,1
14301,118,1,640.14,1
14304,223,1,383.45,2
14305,72,3,1858.96,0
14306,52,2,2093.32,1
14307,89,6,2995.72,0
14309,9,9,2352.53,0
14311,243,1,310.26,2
14312,47,6,1611.59,0
14314,107,1,120.0,1
14315,45,6,2481.13,0
14317,65,1,508.58000000000004,1
14320,207,2,477.79,2
14321,11,5,1530.75,0
14323,115,2,605.0600000000001,1
14326,243,1,183.85,2
14327,164,1,311.65,2
14329,18,7,5014.84,0
14331,125,2,462.65999999999997,1
14332,23,3,866.31,1
14333,68,1,415.2,1
14334,17,8,2552.21,0
14336,17,4,1614.91,0
14338,162,2,588.22,1
14339,243,1,309.52,2
14340,219,1,134.7,2
14341,46,8,2182.28,0
14342,22,4,668.5600000000001,1
14344,128,8,889.9300000000001,0
14345,39,1,108.97999999999999,1
14346,121,2,1021.58,1
14348,261,1,409.57,2
14349,11,1,133.5,1
14350,275,1,282.93,2
14351,165,1,51.0,2
14352,158,4,1078.96,1
14353,216,1,90.6,2
14354,6,2,163.62,1
14355,366,1,174.4,2
14356,80,2,701.23,1
14357,44,1,225.77,1
14359,20,3,912.18,1
14360,32,4,2128.23,0
14362,23,1,161.2,1
14364,109,8,3717.35,0
14367,9,16,9261.52,0
14368,320,1,155.0,2
14371,296,1,100.5,2
14373,359,1,76.55,2
14375,186,1,257.68,2
14377,192,2,617.05,2
14379,45,2,348.1,1
14381,53,1,202.68,1
14382,27,1,626.0699999999999,1
14383,39,3,1247.69,1
14385,10,3,202.11,1
14386,297,1,142.4,2
14387,33,3,1770.56,0
14388,11,8,3212.84,0
14389,66,2,1043.46,1
14390,11,9,4652.82,0
14393,219,1,67.95,2
14395,3,9,3507.71,0
14396,66,2,487.99,1
14397,3,19,2612.96,0
14400,150,1,574.7,1
14401,5,13,4051.48,0
14403,131,4,1475.81,0
14404,34,6,1474.32,0
14406,120,1,156.75,1
14407,108,6,2157.73,0
14408,11,7,2606.53,0
14409,72,6,2059.4500000000003,0
14410,93,9,1105.07,0
14411,311,1,1063.0,2
14412,43,2,770.03,1
14413,363,1,122.7,2
14414,92,7,1496.98,0
14415,2,13,5900.28,0
14416,23,2,490.22,1
14418,4,3,1937.25,0
14419,11,6,1058.06,0
14420,100,1,387.52,1
14421,58,2,813.11,1
14422,1,6,4263.64,0
14423,219,1,265.2,2
14424,18,1,322.08,1
14426,24,10,4481.67,0
14427,51,2,363.34000000000003,1
14428,8,5,1244.83,0
14431,303,1,470.36,2
14432,10,6,2255.51,0
14434,22,6,1372.8,0
14436,99,1,89.06,1
14437,366,1,63.0,2
14438,307,1,131.9,2
14440,9,5,2357.6800000000003,0
14441,1,4,1712.89,0
14443,54,4,1420.2,0
14446,1,4,1039.58,0
14447,19,5,1163.23,0
14448,10,2,375.35,1
14449,19,4,907.1,1
14450,181,3,483.25,2
14451,61,2,662.59,1
14452,11,2,264.44,1
14453,191,1,119.93,2
14456,6,9,3062.4,0
14457,311,1,113.64,2
14459,156,1,1837.92,1
14460,111,3,434.34,1
14461,149,3,2103.06,1
14462,67,11,2004.02,0
14463,99,3,529.62,1
14465,247,3,1058.6200000000001,2
14466,30,7,2272.4,0
14467,18,4,598.76,1
14470,12,2,461.19,1
14472,104,8,1936.84,0
14473,75,2,234.34000000000003,1
14474,47,1,547.66,1
14475,72,3,925.85,1
14476,258,1,215.7,2
14477,20,4,1309.6,0
14479,254,2,316.25,2
14480,12,1,279.05,1
14481,165,2,636.51,1
14482,19,6,2068.15,0
14483,282,1,137.1,2
14484,51,1,321.92,1
14485,39,1,165.75,1
14487,27,6,1196.33,0
14488,68,1,1064.28,1
14489,208,1,463.38,2
14491,176,2,340.93,2
14493,8,5,2383.2400000000002,0
14494,26,1,139.56,1
14495,51,2,123.8,1
14496,312,2,538.8100000000001,2
14497,310,1,475.37,2
14498,43,5,1957.32,0
14499,27,3,815.32,1
14500,89,3,356.85,1
14501,184,2,251.21,2
14502,20,11,2470.67,0
14503,4,6,3543.26,0
14504,48,4,673.26,1
14505,18,8,5905.64,0
14506,18,5,2012.17,0
14507,24,6,1383.18,0
14508,23,2,276.42,1
14511,12,5,1314.81,0
14512,188,2,275.28,2
14513,101,3,455.59000000000003,1
14514,62,3,1055.35,1
14515,18,6,2102.09,0
14517,34,2,330.45,1
14518,65,1,174.37,1
14520,2,2,270.6,1
14522,25,4,974.54,1
14523,109,1,241.09,1
14524,32,9,1867.68,0
14525,20,9,4332.2,0
14527,3,55,8508.82,0
14528,38,1,364.21999999999997,1
14529,61,3,620.04,1
14530,26,6,2925.91,0
14532,237,4,932.85,2
14533,25,7,1949.72,0
14534,3,18,4447.05,0
14535,61,3,2864.19,0
14536,260,1,171.8,2
14537,58,1,355.56,1
14538,65,2,388.25,1
14539,16,2,537.48,1
14540,10,3,996.26,1
14541,59,8,1461.65,0
14542,186,1,103.25,2
14543,29,16,3630.33,0
14544,25,2,2024.45,1
14546,6,5,2578.09,0
14547,4,8,4007.54,0
14548,151,2,652.8,1
14549,312,1,289.24,2
14550,11,2,765.62,1
14551,19,2,186.23,1
14552,152,1,165.07,2
14553,20,5,859.27,0
14554,11,4,2381.04,0
14555,58,2,324.14,1
14557,86,1,788.38,1
14560,8,22,2237.77,0
14561,76,3,1080.76,1
14562,4,18,5074.77,0
14565,96,4,3099.12,0
14567,57,2,1530.3600000000001,1
14569,2,1,227.39,1
14570,281,2,218.06,2
14572,4,7,2832.84,0
14573,180,9,1653.42,0
14576,373,1,35.400000000000006,2
14577,13,4,859.71,1
14578,4,1,168.63,1
14581,17,1,138.6,1
14582,41,1,114.11,1
14583,6,5,1052.55,0
14584,170,4,1042.26,1
14585,51,1,157.05,1
14586,277,1,237.36,2
14587,19,9,1601.14,0
14589,372,1,39.75,2
14591,16,4,1447.14,0
14592,36,3,570.46,1
14593,22,3,617.99,1
14594,8,2,379.83,1
14595,20,6,1740.6,0
14597,12,2,883.15,1
14598,45,1,221.97,1
14600,306,1,393.33000000000004,2
14601,11,1,213.96,1
14603,275,1,660.0,2
14606,2,93,12156.65,0
14607,16,14,16569.5,0
14608,5,4,1785.15,0
14609,73,4,601.56,1
14616,243,3,406.08000000000004,2
14618,10,3,553.44,1
14619,246,1,394.44,2
14620,206,2,412.78000000000003,2
14621,2,5,1788.3600000000001,0
14622,185,1,320.58000000000004,2
14623,33,5,889.25,0
14624,58,2,225.85,1
14625,197,2,899.63,2
14626,24,4,2791.27,0
14628,92,2,671.96,1
14629,5,2,959.01,1
14631,51,3,1006.98,1
14632,263,1,114.56,2
14633,267,1,344.90000000000003,2
14636,37,2,609.85,1
14638,51,1,443.6,1
14639,53,6,2984.49,0
14640,25,6,2125.08,0
14641,22,1,110.46,1
14642,59,1,96.12,1
14643,171,2,693.8100000000001,2
14644,68,2,830.76,1
14645,157,2,597.09,1
14647,202,1,243.22,2
14649,5,4,1417.29,0
14651,68,2,654.6,1
14652,78,1,114.18,1
14653,2,7,1947.55,0
14655,9,4,1932.23,0
14656,170,2,291.05,2
14657,18,4,848.22,1
14658,6,2,247.15,1
14659,9,9,2529.93,0
14660,87,2,285.74,1
14661,27,1,107.95,1
14662,29,4,771.17,1
14664,20,2,637.89,1
14665,61,5,1835.7,0
14666,25,1,195.25,1
14667,11,25,9241.2,0
14669,242,3,1269.99,2
14670,281,2,411.53,2
14672,235,2,765.55,2
14673,4,5,1736.4,0
14675,17,1,604.75,1
14676,32,6,2548.2400000000002,0
14680,26,16,28754.11,0
14681,72,3,498.95,1
14682,188,2,52.0,2
14684,26,5,1236.28,0
14687,107,1,628.38,1
14688,8,21,5630.87,0
14689,209,1,112.8,2
14690,45,2,371.7,1
14691,31,5,2114.33,0
14692,138,4,591.55,1
14693,265,1,172.9,2
14696,5,7,2078.95,0
14697,219,2,188.60999999999999,2
14698,2,5,1250.76,0
14699,215,1,109.13000000000001,2
14700,33,3,2235.3,0
14701,11,9,2549.37,0
14702,2,17,3292.14,0
14703,15,1,318.17,1
14704,12,9,1546.91,0
14705,199,1,179.0,2
14708,3,3,1126.37,1
14709,16,13,4921.04,0
14710,15,4,606.13,1
14711,11,11,2868.8,0
14712,30,3,917.07,1
14713,10,11,2666.36,0
14714,25,1,160.19,1
14715,25,4,867.38,1
14716,44,2,329.68,1
14719,2,5,1602.13,0
14720,6,3,663.81,1
14722,148,1,187.92000000000002,2
14723,11,6,1158.3,0
14725,25,1,718.08,1
14727,275,1,268.58,2
14729,374,1,313.49,2
14730,2,8,2005.06,0
14731,48,3,380.02,1
14732,9,8,2702.4900000000002,0
14733,17,12,9585.91,0
14735,4,32,6065.69,0
14737,4,3,1164.55,1
14738,43,7,1314.45,0
14739,5,7,3902.28,0
14740,198,3,1448.21,2
14741,12,6,1400.34,0
14744,17,7,1099.98,0
14745,113,5,1220.26,0
14747,250,1,328.2,2
14748,30,5,1415.75,0
14752,44,1,389.64,1
14753,88,1,563.15,1
14754,45,2,638.05,1
14755,10,11,5010.28,0
14756,16,1,738.96,1
14757,76,1,420.5,1
14758,145,4,1484.06,0
14759,5,3,1625.97,0
14760,298,1,89.2,2
14761,59,2,255.9,1
14762,264,1,300.52,2
14764,47,1,278.3,1
14765,30,3,254.11,1
14766,9,6,2473.37,0
14768,18,2,192.60000000000002,1
14769,3,8,10674.75,0
14770,233,2,876.42,2
14772,113,1,139.26,1
14775,59,3,1011.9,1
14776,52,11,2538.3,0
14778,128,2,730.86,1
14779,281,3,386.15,2
14780,55,2,447.68,1
14782,320,1,200.10000000000002,2
14784,27,2,289.99,1
14785,11,2,77.4,1
14788,8,2,679.4399999999999,1
14789,29,1,197.64,1
14790,17,4,745.06,1
14792,64,1,6.2,1
14793,22,1,228.99,1
14794,3,7,1319.91,0
14795,167,1,131.45000000000002,2
14796,2,17,8022.49,0
14798,53,3,173.74,1
14799,52,1,157.7,1
14800,48,12,4339.74,0
14801,62,1,193.14,1
14803,163,3,845.55,1
14804,9,1,353.27,1
14805,16,4,554.65,1
14806,76,1,193.39000000000001,1
14808,40,8,2741.17,0
14810,41,11,2087.88,0
14813,370,2,155.43,2
14815,37,2,778.5,1
14816,198,1,271.85,2
14817,201,2,1110.34,2
14818,74,3,657.8,1
14819,65,2,272.07,1
14820,22,4,507.29,1
14821,367,1,48.800000000000004,2
14823,181,3,321.43,2
14824,11,4,1127.71,0
14825,4,12,2226.91,0
14828,197,3,2139.76,2
14829,30,4,697.55,1
14830,54,1,197.13,1
14834,18,6,1720.3,0
14836,11,3,102.44999999999999,1
14837,90,4,1649.5,0
14840,268,1,62.85,2
14841,54,6,3295.76,0
14842,44,4,2824.69,0
14844,64,4,3189.81,0
14847,149,1,309.4,2
14849,22,25,7930.54,0
14850,312,1,325.75,2
14851,24,2,511.35,1
14852,59,6,2836.69,0
14853,25,2,475.8,1
14854,79,7,2759.83,0
14855,120,2,645.65,1
14856,37,3,1311.3799999999999,1
14857,60,2,1173.12,1
14859,13,4,1353.74,0
14860,20,1,170.32,1
14861,53,1,125.79,1
14862,26,2,841.1999999999999,1
14863,30,1,266.76,1
14865,8,2,52.2,1
14866,11,12,14389.9,0
14867,186,3,710.28,2
14868,4,8,2953.59,0
14869,9,2,725.7,1
14870,262,1,327.25,2
14871,4,4,522.38,1
14873,211,1,519.68,2
14875,108,2,1465.3200000000002,1
14878,13,9,1485.54,0
14880,78,3,706.19,1
14881,20,1,255.4,1
14882,27,2,589.7,1
14883,19,6,761.59,0
14885,132,1,765.3199999999999,1
14886,253,1,364.8,2
14887,80,1,1862.0,1
14888,208,1,369.2,2
14889,337,1,135.9,2
14890,254,1,125.65,2
14891,149,2,554.38,1
14893,10,2,1237.8500000000001,1
14894,86,1,655.75,1
14895,8,20,11138.710000000001,0
14896,205,2,468.77000000000004,2
14897,8,4,1366.38,0
14898,24,6,1303.52,0
14901,12,9,1421.29,0
14902,26,1,332.66,1
14903,22,5,2810.63,0
14904,3,2,1025.44,1
14905,158,2,616.15,1
14907,4,7,3501.1,0
14908,75,1,277.8,1
14910,3,4,434.35,1
14913,36,4,1227.43,0
14915,92,2,307.48,1
14916,71,4,1268.98,0
14918,116,2,1610.15,1
14920,213,2,977.77,2
14921,31,2,1316.07,1
14923,51,1,749.1,1
14924,246,1,310.05,2
14929,33,1,223.88,1
14944,30,12,5900.25,0
14946,15,1,100.9,1
14947,73,2,290.82,1
14948,24,6,1101.97,0
14950,20,1,371.2,1
14951,80,1,311.69,1
14952,60,11,8099.49,0
14953,26,1,289.82,1
14954,13,1,336.17,1
14957,254,1,58.49,2
14958,148,3,499.68,1
14959,65,4,695.42,1
14960,9,2,221.27,1
14961,11,9,7044.68,0
14962,271,1,126.7,2
14963,10,5,1487.8,0
14964,248,1,206.21,2
14965,97,2,599.0,1
14966,15,1,191.32,1
14967,50,1,463.8,1
14968,31,1,147.59,1
14970,69,4,1592.06,0
14971,36,3,1116.57,1
14972,129,1,114.77,1
14973,108,3,1314.45,1
14974,38,1,114.39,1
14975,58,1,279.94,1
14976,58,7,790.86,0
14978,73,5,1931.42,0
14981,247,1,102.12,2
14984,20,2,213.27,1
14985,199,2,296.75,2
14987,16,2,326.4,1
14988,212,1,334.54,2
14995,39,2,233.23000000000002,1
14997,47,3,546.1999999999999,1
14998,171,2,429.87,2
15000,48,1,490.52,1
15002,116,4,1641.76,0
15004,148,1,1246.32,1
15005,16,28,6316.57,0
15006,52,1,502.09,1
15007,160,1,156.91,2
15009,13,3,1261.78,1
15010,36,1,308.94,1
15012,54,2,423.04,1
15014,44,2,260.17,1
15016,173,1,170.04,2
15017,34,1,125.58,1
15018,39,3,496.21000000000004,1
15019,267,1,266.0,2
15021,9,9,1914.82,0
15022,12,4,905.04,1
15023,4,11,6802.76,0
15024,10,10,1661.33,0
15025,34,1,377.01,1
15026,81,3,469.0,1
15027,31,4,1066.1499999999999,1
15028,9,4,627.13,1
15030,72,2,518.28,1
15031,5,4,668.14,1
15032,257,3,4959.1,2
15033,5,10,2586.67,0
15034,16,8,4308.61,0
15035,90,1,252.73000000000002,1
15036,73,3,465.55,1
15038,59,6,705.49,0
15039,10,47,19914.44,0
15041,171,1,180.35,2
15042,200,1,135.93,2
15043,32,1,537.0,1
15044,20,17,7700.2300000000005,0
15045,152,2,735.66,1
15046,10,15,5213.7699999999995,0
15047,270,1,343.62,2
15048,66,4,384.05,1
15049,274,1,121.17000000000002,2
15050,26,3,1782.09,0
15051,24,3,1391.61,1
15052,320,1,215.78,2
15053,5,3,697.79,1
15054,13,2,302.1,1
15057,276,2,1489.5,2
15058,26,11,2124.9900000000002,0
15059,41,9,1337.72,0
15060,9,4,303.09,1
15061,4,48,54534.14,0
15062,72,4,987.86,1
15063,214,1,370.79999999999995,2
15065,38,4,3158.13,0
15066,54,1,893.59,1
15067,79,3,1744.76,1
15068,47,2,553.36,1
15069,180,1,1109.53,2
15070,373,1,106.2,2
15071,94,2,982.07,1
15073,10,3,1043.41,1
15074,106,1,748.87,1
15075,78,1,773.03,1
15076,173,1,880.85,2
15078,8,32,9743.11,0
15079,213,4,895.61,2
15081,23,5,504.8,1
15083,257,1,88.2,2
15087,282,1,306.94,2
15088,22,2,1160.07,1
15089,11,6,2420.84,0
15090,309,1,381.32,2
15091,68,1,480.71,1
15092,216,2,457.81,2
15093,19,6,4597.02,0
15095,104,4,1370.6,0
15096,43,1,219.39000000000001,1
15097,5,1,248.08,1
15098,183,3,39916.5,0
15099,85,1,410.48,1
15100,334,3,876.0,2
15101,9,2,317.53,1
15103,32,2,703.36,1
15104,197,2,1027.44,2
15105,19,7,2298.93,0
15106,18,5,1422.52,0
15107,312,6,319.5,2
15109,246,1,484.95,2
15110,24,4,996.1,1
15111,30,3,1567.48,1
15113,10,3,3609.33,0
15114,31,10,2760.56,0
15115,19,1,340.11,1
15116,18,4,1352.75,0
15117,15,5,1551.78,0
15118,135,1,244.8,1
15119,246,1,266.4,2
15120,134,1,358.82,1
15121,51,2,457.72,1
15122,115,3,1633.78,1
15123,8,2,2199.31,1
15124,23,2,184.19,1
15125,26,15,11528.48,0
15127,66,1,406.53,1
15128,61,4,1471.0,0
15129,51,11,3447.4,0
15130,170,1,330.11,2
15132,19,5,977.9300000000001,0
15133,128,3,982.42,1
15134,15,8,1387.99,0
15135,240,1,139.05,2
15136,3,4,1286.7,0
15139,240,2,178.96,2
15140,53,7,2354.25,0
15142,47,1,498.74,1
15143,226,1,259.45,2
15144,9,17,6580.44,0
15145,5,4,1194.73,0
15146,165,2,1327.16,1
15147,241,1,623.5,2
15148,11,1,301.29,1
15149,134,1,520.8000000000001,1
15150,18,10,5314.47,0
15152,10,13,4745.69,0
15153,32,1,329.25,1
15154,76,1,296.42,1
15156,2,3,961.49,1
15157,4,3,1936.07,0
15158,46,1,401.40000000000003,1
15159,2,30,18641.010000000002,0
15160,358,1,158.16,2
15163,19,2,304.47,1
15164,69,3,843.05,1
15165,374,1,487.75,2
15167,321,1,163.0,2
15168,26,1,106.56,1
15171,332,1,1289.5,2
15172,9,5,1624.05,0
15174,323,1,135.75,2
15175,72,1,224.14,1
15178,261,1,40.5,2
15179,19,5,2206.95,0
15180,368,1,87.5,2
15181,67,3,689.4799999999999,1
15182,155,2,622.85,1
15184,30,2,406.76,1
15185,71,1,310.62,1
15186,15,2,411.41,1
15187,2,16,4777.18,0
15189,2,41,16225.39,0
15192,120,3,1044.32,1
15193,61,1,499.32,1
15194,4,15,7616.53,0
15195,3,1,3861.0,1
15197,11,3,1079.6100000000001,1
15198,93,2,193.64,1
15199,60,4,1268.7,0
15201,88,5,1236.54,0
15203,26,6,1827.8,0
15204,358,1,316.58,2
15205,86,2,653.24,1
15206,11,4,420.29999999999995,1
15208,2,5,870.12,0
15210,226,1,331.18,2
15211,61,2,894.4100000000001,1
15212,242,1,101.8,2
15213,319,2,328.35,2
15214,2,8,1661.44,0
15215,47,3,734.94,1
15216,88,1,96.6,1
15218,11,11,5756.89,0
15219,177,1,305.75,2
15220,52,6,1778.96,0
15221,367,1,403.25,2
15222,319,1,585.0,2
15223,226,2,755.75,2
15224,359,2,322.08,2
15225,235,1,409.40000000000003,2
15226,311,1,154.41,2
15227,37,5,1219.4,0
15228,67,4,3386.71,0
15230,240,2,429.6,2
15232,114,2,612.06,1
15234,277,1,197.0,2
15235,218,12,2247.51,0
15236,299,1,321.05,2
15237,2,4,1412.32,0
15238,30,3,1071.99,1
15239,11,2,780.59,1
15240,45,5,1706.57,0
15241,67,8,1756.44,0
15243,75,1,316.68,1
15244,66,2,631.57,1
15245,135,3,2515.84,0
15246,239,2,514.15,2
15247,123,1,356.0,1
15249,32,13,6688.46,0
15251,10,11,10484.99,0
15252,37,2,740.78,1
15253,17,5,918.1999999999999,0
15254,128,1,300.36,1
15255,67,1,890.85,1
15256,149,1,98.45,2
15257,284,1,317.15,2
15258,169,2,623.16,2
15260,101,7,1810.77,0
15261,136,1,254.82,1
15262,324,1,178.95000000000002,2
15263,107,1,156.51,1
15264,65,1,393.74,1
15265,152,2,1506.1200000000001,1
15266,339,1,119.3,2
15267,23,5,1717.36,0
15269,24,1,408.8,1
15270,16,7,2379.49,0
15271,8,15,2507.07,0
15272,58,2,721.94,1
15274,5,2,716.57,1
15275,38,1,615.14,1
15276,67,1,135.31,1
15277,47,1,255.89999999999998,1
15279,355,1,290.51,2
15280,173,1,113.12,2
15281,59,9,2332.15,0
15286,50,1,240.55,1
15287,23,2,486.69,1
15288,44,5,2306.52,0
15289,30,3,939.78,1
15290,5,18,7943.22,0
15291,26,15,4668.3,0
15292,202,1,180.94,2
15296,51,6,3672.86,0
15297,11,3,641.94,1
15298,3,12,4799.9,0
15299,68,7,4507.01,0
15300,65,1,496.44,1
15301,51,12,5070.35,0
15303,291,1,574.02,2
15304,61,8,694.4000000000001,0
15306,65,3,1174.35,1
15307,96,1,205.3,1
15308,275,1,310.47,2
15311,1,91,60767.9,0
15312,76,4,924.85,1
15313,111,1,52.0,1
15314,200,1,327.97,2
15315,65,2,570.5,1
15316,327,1,165.0,2
15318,4,1,312.62,1
15319,284,1,204.5,2
15320,45,1,267.13,1
15321,71,3,2748.31,0
15322,86,1,679.68,1
15325,104,1,162.29,1
15326,334,1,311.71,2
15327,53,1,208.75,1
15329,40,3,1049.7,1
15330,33,2,714.96,1
15333,209,1,1028.56,2
15334,157,3,351.67,1
15335,54,1,173.97,1
15339,67,2,574.07,1
15341,81,1,2020.52,1
15342,130,1,406.09,1
15343,88,1,364.5,1
15344,1,3,563.94,1
15345,46,1,393.54,1
15346,333,1,252.42000000000002,2
15347,367,1,201.60000000000002,2
15348,73,1,158.04,1
15349,159,2,473.81,1
15350,374,1,115.65,2
15351,13,7,1960.1100000000001,0
15353,255,2,777.02,2
15355,30,2,277.05,1
15356,32,10,2766.5,0
15358,5,22,8347.2,0
15360,40,1,427.93,1
15361,362,1,418.92,2
15363,373,1,326.0,2
15364,96,2,913.19,1
15365,26,7,2314.32,0
15366,76,2,602.51,1
15367,58,4,1877.59,0
15368,22,1,446.94000000000005,1
15370,41,7,2386.05,0
15372,138,1,2007.3999999999999,1
15373,9,12,2415.91,0
15374,129,1,168.0,1
15376,41,3,1233.3600000000001,1
15379,170,7,3703.29,0
15380,9,5,1690.2600000000002,0
15381,214,2,596.85,2
15382,15,6,5955.71,0
15384,170,2,642.41,2
15385,41,1,316.88,1
15386,187,1,394.14,2
15389,173,1,500.0,2
15392,5,4,1535.53,0
15393,17,2,231.86,1
15394,10,4,2183.54,0
15395,326,1,107.45,2
15396,113,1,288.18,1
15397,290,1,94.0,2
15398,17,2,1345.53,1
15399,2,3,815.77,1
15400,93,5,716.2,1
15402,149,2,626.77,1
15405,190,1,349.1,2
15406,32,2,510.71000000000004,1
15407,34,4,1056.44,1
15408,265,1,267.18,2
15410,85,8,3450.84,0
15411,27,4,1358.88,0
15412,172,1,190.53,2
15414,10,3,774.9000000000001,1
15415,314,1,572.8100000000001,2
15416,65,4,3984.32,0
15417,86,1,508.8,1
15419,25,1,135.86,1
15421,59,4,950.36,1
15422,324,2,97.7,2
15423,39,1,43.5,1
15424,255,2,383.34,2
15426,20,5,1447.39,0
15427,34,3,1483.14,1
15428,16,1,93.78,1
15429,27,2,397.35,1
15432,24,1,171.19,1
15433,214,2,533.3,2
15434,9,5,1041.48,0
15435,23,1,149.29,1
15436,13,3,1122.53,1
15437,263,1,200.16,2
15438,132,1,156.57999999999998,1
15440,55,3,383.68,1
15442,249,1,594.0,2
15443,2,7,3236.91,0
15444,10,2,1418.26,1
15445,265,1,113.5,2
15447,331,1,155.17,2
15448,313,1,494.64,2
15449,27,3,974.52,1
15450,31,1,429.84,1
15452,30,3,538.73,1
15453,2,7,1388.37,0
15454,363,1,179.1,2
15456,284,3,447.22,2
15457,263,1,237.07,2
15458,26,1,161.64,1
15460,355,1,216.76,2
15462,95,3,234.6,1
15463,30,1,126.14,1
15464,339,1,1048.85,2
15465,20,18,7354.62,0
15466,86,1,334.53,1
15467,10,3,524.88,1
15468,52,2,467.51,1
15469,51,2,538.55,1
15471,3,1,469.48,1
15472,114,1,371.56,1
15473,15,7,1771.2,0
15475,78,1,454.10999999999996,1
15478,41,2,1441.42,1
15482,16,12,11054.96,0
15483,162,4,233.81,1
15484,2,4,3594.31,0
15485,31,3,2575.0,0
15488,93,1,91.32000000000001,1
15489,23,3,1134.28,1
15491,96,6,3100.09,0
15492,29,2,659.4599999999999,1
15493,33,5,2001.8,0
15494,22,2,1299.23,1
15497,18,2,1262.2,1
15498,3,27,13316.4,0
15500,9,4,1131.56,0
15502,16,12,10384.93,0
15503,363,1,147.09,2
15504,82,1,52.83,1
15505,53,5,3610.96,0
15506,23,3,979.26,1
15507,172,1,492.36,2
15508,190,6,1000.27,0
15510,331,1,250.0,2
15511,12,5,909.23,0
15512,156,2,121.0,2
15513,34,19,14758.220000000001,0
15514,13,11,4139.46,0
15516,45,3,62.43,1
15517,234,1,267.03,2
15518,65,8,1942.45,0
15520,2,1,343.5,1
15521,41,8,3000.2,0
15522,33,2,398.84,1
15523,85,1,412.01000000000005,1
15524,25,1,440.0,1
15525,3,3,825.92,1
15526,34,2,148.44,1
15527,19,8,2429.78,0
15528,255,1,229.33,2
15529,23,11,3995.23,0
15530,22,4,1502.35,0
15531,9,2,2007.44,1
15532,26,4,1580.93,0
15533,20,3,807.57,1
15535,174,4,536.4,1
15537,164,1,110.92,2
15539,8,1,538.46,1
15540,12,1,213.3,1
15541,115,1,85.13000000000001,1
15543,289,1,127.86,2
15544,10,9,3546.71,0
15545,55,2,292.71999999999997,1
15547,8,14,4954.84,0
15549,78,3,1693.26,1
15550,5,4,575.63,1
15551,37,1,436.06,1
15552,218,1,90.12,2
15553,61,1,437.23,1
15554,278,1,217.2,2
15555,13,16,4805.17,0
15556,25,1,279.77,1
15557,29,1,473.65000000000003,1
15561,12,4,800.59,1
15562,352,1,134.55,2
15563,23,4,1400.44,0
15565,51,2,173.16,1
15567,19,1,186.01,1
15568,3,3,758.29,1
15569,104,5,1375.71,0
15570,8,12,4165.52,0
15571,12,4,650.4300000000001,1
15572,5,7,2552.86,0
15573,32,2,607.45,1
15574,178,4,702.25,1
15576,38,1,940.6700000000001,1
15577,152,3,258.88,1
15578,163,1,127.1,2
15579,69,2,348.6,1
15581,121,13,3679.9700000000003,0
15582,25,3,682.9100000000001,1
15584,24,4,725.11,1
15585,177,1,455.3,2
15587,51,4,913.6800000000001,1
15589,256,3,478.53000000000003,2
15592,47,1,388.58,1
15593,71,1,199.8,1
15594,16,5,1771.78,0
15596,101,5,1406.59,0
15597,36,1,324.57,1
15598,54,1,240.68,1
15599,27,2,761.74,1
15601,12,14,6776.56,0
15602,9,9,1297.8700000000001,0
15603,79,1,48.480000000000004,1
15604,53,1,216.39,1
15605,37,5,1198.23,0
15606,62,9,2920.16,0
15607,337,1,104.76,2
15608,29,4,1093.68,0
15609,185,1,298.48,2
15610,52,1,112.46000000000001,1
15611,10,13,1591.45,0
15612,37,2,195.15,1
15615,11,23,10399.74,0
15618,33,4,776.851,1
15619,11,1,336.40000000000003,1
15620,57,3,1553.18,1
15621,5,4,1293.03,0
15622,44,9,3709.56,0
15623,142,1,301.03,1
15624,117,4,588.13,1
15625,104,4,1534.26,0
15626,75,2,675.8,1
15628,5,9,2870.2400000000002,0
15630,46,2,1186.35,1
15632,16,8,3285.31,0
15634,18,1,243.55,1
15636,90,2,724.76,1
15637,53,1,223.36,1
15639,135,1,425.32,1
15640,5,15,12515.66,0
15641,106,4,1887.2,0
15643,192,3,664.0,2
15644,167,4,813.0,1
15645,19,1,612.01,1
15646,158,3,447.64000000000004,1
15648,205,2,657.35,2
15649,337,2,816.0,2
15651,37,3,646.3,1
15652,92,1,337.74,1
15653,93,2,877.4399999999999,1
15654,10,2,922.53,1
15655,244,1,560.67,2
15656,46,4,748.5,1
15657,23,1,30.0,1
15658,191,5,1024.1000000000001,1
15659,44,1,306.45,1
15660,26,9,1600.86,0
15661,318,2,309.8,2
15663,107,1,138.14,1
15664,51,1,386.43,1
15665,169,2,2242.01,1
15667,40,1,301.32,1
15668,218,1,76.32000000000001,2
15669,41,4,684.34,1
15670,297,1,173.05,2
15671,19,7,2657.13,0
15673,89,4,2881.02,0
15674,74,5,2446.6,0
15675,82,3,323.69,1
15676,19,3,3435.76,0
15677,50,1,657.23,1
15678,53,1,352.7,1
15679,25,4,781.28,1
15680,10,3,1333.68,1
15681,26,5,1426.16,0
15683,118,1,193.75,1
15687,9,9,2993.1,0
15689,120,2,254.1,1
15690,5,2,239.76,1
15691,253,1,136.8,2
15692,29,1,191.04,1
15694,1,14,6479.4,0
15695,267,2,409.98,2
15696,34,8,2736.46,0
15699,18,1,309.65,1
15700,173,2,696.68,2
15701,3,4,1542.14,0
15703,265,1,211.5,2
15704,141,4,2293.62,0
15705,202,1,143.1,2
15706,64,4,1060.56,1
15707,36,4,945.58,1
15708,41,7,3364.2400000000002,0
15709,284,1,133.25,2
15712,10,5,1072.3600000000001,0
15713,144,2,356.7,1
15714,12,2,330.88,1
15716,146,4,1118.81,1
15717,235,1,150.3,2
15719,33,13,5045.61,0
15720,25,1,598.73,1
15721,12,1,507.08,1
15722,36,5,2222.56,0
15723,365,1,203.1,2
15724,202,2,218.25,2
15725,16,1,415.25,1
15727,17,7,5178.96,0
15729,213,1,85.0,2
15730,66,3,1120.88,1
15732,213,2,294.12,2
15733,283,1,162.3,2
15734,115,2,1339.45,1
15737,15,8,1205.1200000000001,0
15738,19,16,4812.42,0
15739,67,1,449.12,1
15740,50,1,154.88,1
15743,17,4,784.46,1
15744,78,1,34.8,1
15745,20,4,1094.59,0
15746,135,1,196.88,1
15747,13,3,974.04,1
15748,41,1,149.31,1
15749,236,3,44534.3,0
15750,3,8,2465.48,0
15752,40,7,2637.38,0
15753,305,1,79.2,2
15754,52,3,458.57,1
15755,11,6,2364.25,0
15756,62,4,532.96,1
15757,66,2,714.42,1
15758,25,1,205.25,1
15759,219,3,253.04,2
15762,66,2,583.75,1
15763,32,2,1086.92,1
15764,89,6,3279.97,0
15766,65,1,315.06,1
15768,116,3,621.8299999999999,1
15769,8,26,56252.72,0
15773,6,1,635.6800000000001,1
15774,69,1,270.8,1
15775,246,1,104.9,2
15776,134,1,241.62,1
15777,242,4,1047.11,2
15780,184,3,475.28000000000003,2
15781,26,3,345.46,1
15782,10,3,2614.7400000000002,0
15783,11,1,246.3,1
15785,33,5,2328.9700000000003,0
15786,47,3,4932.2,0
15787,27,3,948.05,1
15789,359,1,351.3,2
15790,11,1,220.85,1
15791,44,2,1612.69,1
15793,15,3,965.61,1
15795,150,1,610.01,1
15796,2,8,2711.56,0
15797,114,4,2207.4,0
15799,76,3,884.14,1
15800,108,2,699.08,1
15801,47,3,1063.95,1
15802,143,1,451.42,1
15803,52,1,415.82000000000005,1
15804,1,13,4206.39,0
15805,24,17,5528.4800000000005,0
15806,47,3,784.58,1
15807,51,3,903.9,1
15808,307,4,3734.9700000000003,2
15809,37,5,515.77,1
15810,79,4,1391.98,0
15811,23,6,2218.62,0
15812,108,5,1801.14,0
15813,208,2,1303.9099999999999,2
15814,17,4,1945.33,0
15815,64,5,2100.6,0
15819,50,4,1905.45,0
15820,320,1,206.98,2
15821,45,2,570.96,1
15822,4,2,885.47,1
15823,373,1,15.0,2
15825,173,1,532.94,2
15826,57,3,1654.31,1
15827,74,14,1836.0900000000001,0
15829,100,2,636.14,1
15830,38,1,576.0,1
15831,59,3,801.76,1
15832,255,1,836.79,2
15834,71,4,2233.75,0
15835,45,4,954.09,1
15836,51,1,137.37,1
15837,65,1,391.98,1
15838,12,19,33643.08,0
15839,34,3,1048.49,1
15840,59,2,355.56,1
15841,73,4,1224.06,0
15843,304,1,118.95000000000002,2
15844,47,1,130.73999999999998,1
15845,18,8,3711.77,0
15847,39,2,389.27,1
15850,20,2,238.85,1
15852,187,2,160.71,2
15853,52,1,110.8,1
15854,5,12,2974.65,0
15855,137,5,712.24,1
15856,5,27,16387.57,0
15857,19,1,297.0,1
15858,16,5,1438.85,0
15860,41,8,977.21,0
15861,13,8,3165.36,0
15862,9,4,832.88,1
15863,26,2,68.84,1
15864,23,6,1936.3200000000002,0
15865,41,3,895.13,1
15866,102,1,230.53,1
15867,6,15,3812.64,0
15869,278,2,149.64,2
15870,33,1,354.09000000000003,1
15872,15,2,360.93,1
15874,64,7,4405.88,0
15877,2,2,493.28,1
15880,370,1,343.28000000000003,2
15881,313,5,501.39000000000004,2
15882,199,4,516.36,2
15883,3,2,396.48,1
15885,93,3,379.35,1
15886,61,1,181.09,1
15888,81,1,168.31,1
15889,157,2,446.87,1
15891,227,1,524.52,2
15894,254,2,263.55,2
15895,150,1,179.17,2
15897,195,2,222.05,2
15898,2,5,1388.88,0
15899,369,1,56.25,2
15900,24,1,351.11,1
15901,17,3,363.88,1
15903,10,7,5126.76,0
15904,9,1,164.68,1
15906,20,7,1567.69,0
15907,4,3,967.45,1
15909,174,1,191.94,2
15910,1,8,1232.18,0
15912,179,2,264.62,2
15916,17,8,1528.09,0
15917,248,1,123.1,2
15918,191,2,334.23,2
15919,20,2,639.89,1
15920,155,4,167.5,1
15921,173,1,336.03000000000003,2
15922,374,1,369.5,2
15923,373,1,127.08,2
15925,195,1,207.15,2
15930,68,1,426.63,1
15932,5,8,2495.87,0
15933,22,3,1107.46,1
15935,240,2,416.86,2
15937,65,1,145.35,1
15938,113,5,404.58,1
15939,90,15,6115.01,0
15940,312,1,35.8,2
15942,134,1,337.44,1
15944,277,1,325.1,2
15945,366,1,181.0,2
15947,83,1,1708.24,1
15948,9,2,955.24,1
15949,17,2,364.72,1
15950,32,4,1765.51,0
15951,9,2,708.22,1
15952,34,4,806.57,1
15953,16,8,1659.3799999999999,0
15955,25,14,4416.26,0
15957,32,1,428.89,1
15958,75,1,104.35,1
15963,20,2,470.76,1
15965,18,4,845.64,1
15967,24,2,418.83,1
15969,3,3,666.1,1
15970,304,1,314.1,2
15971,18,12,4199.85,0
15973,367,1,307.82000000000005,2
15974,40,7,3442.15,0
15975,85,1,371.01,1
15976,166,2,430.94,2
15977,18,2,1054.73,1
15978,78,1,1098.78,1
15980,89,3,2398.86,0
15981,25,8,3408.48,0
15983,23,4,1475.02,0
15984,3,10,2837.67,0
15985,124,2,1142.42,1
15986,31,1,168.12,1
15987,13,7,1451.28,0
15988,20,1,158.03,1
15990,45,2,792.11,1
15992,4,1,41.989999999999995,1
15993,9,7,2797.57,0
15994,55,1,427.07,1
15996,89,6,1060.68,0
15998,37,5,3089.97,0
16000,3,3,12393.7,0
16003,30,5,2735.37,0
16005,13,4,615.39,1
16006,212,1,101.4,2
16007,48,4,1701.94,0
16008,24,3,478.78,1
16009,23,4,992.71,1
16010,246,3,407.5,2
16011,9,16,3362.71,0
16012,36,3,1415.29,1
16013,4,47,37130.6,0
16014,38,3,662.38,1
16015,4,3,705.39,1
16016,4,8,1508.76,0
16017,48,1,211.88,1
16018,40,2,408.90000000000003,1
16019,47,9,3786.2400000000002,0
16020,17,3,851.01,1
16022,261,1,628.28,2
16023,47,3,719.81,1
16024,13,1,251.24,1
16025,30,1,439.65999999999997,1
16026,44,1,236.09,1
16027,92,6,934.62,0
16029,39,63,81024.84,0
16030,310,1,331.24,2
16031,93,2,548.94,1
16033,6,20,8816.4,0
16034,197,3,437.7,2
16036,88,2,758.92,1
16037,270,3,855.02,2
16038,8,3,471.78000000000003,1
16040,66,3,1313.55,1
16041,31,3,3166.4,0
16042,23,5,1197.27,0
16043,38,4,773.99,1
16045,120,4,1340.7,0
16048,374,2,256.44,2
16049,41,3,1111.79,1
16050,174,1,137.9,2
16052,55,1,362.06,1
16053,33,2,1511.95,1
16054,146,1,783.9,1
16055,221,1,134.8,2
16056,46,1,664.85,1
16057,17,7,2263.12,0
16059,66,6,1459.8600000000001,0
16062,10,4,1153.62,0
16063,261,1,335.32,2
16065,366,1,372.09,2
16066,17,5,1521.87,0
16070,23,2,852.15,1
16071,45,1,326.24,1
16072,289,1,584.3199999999999,2
16073,298,1,122.39999999999999,2
16076,4,10,2234.73,0
16078,284,1,79.2,2
16079,17,3,1352.0,1
16080,82,2,217.16,1
16081,57,5,2806.9,0
16083,101,2,1317.62,1
16084,300,1,436.18,2
16085,24,5,981.51,0
16086,60,5,1121.39,0
16091,155,2,315.06,1
16092,115,3,817.86,1
16093,107,1,17.0,2
16094,12,4,1078.23,0
16096,265,1,320.62,2
16097,241,1,185.04999999999998,2
16098,88,7,2005.63,0
16099,51,3,731.9,1
16101,71,1,1290.7,1
16102,43,3,1842.14,0
16103,8,6,1429.64,0
16104,62,1,302.36,1
16105,249,1,336.96,2
16106,66,1,108.38,1
16107,18,7,3204.1600000000003,0
16108,85,1,842.5,1
16109,219,2,611.88,2
16110,46,3,1337.48,1
16112,144,4,195.73999999999998,1
16113,184,1,161.38,2
16114,171,1,135.75000000000003,2
16115,10,8,1667.97,0
16116,212,1,612.78,2
16117,190,1,232.21,2
16119,9,2,423.36,1
16120,60,4,1309.14,0
16121,58,2,867.11,1
16122,74,4,684.4200000000001,1
16123,52,1,307.78,1
16124,318,1,249.0,2
16125,368,1,289.35,2
16126,30,4,6287.77,0
16127,40,1,656.25,1
16128,18,5,1880.22,0
16131,52,6,3506.54,0
16133,4,33,14589.04,0
16134,22,2,618.09,1
16135,263,1,517.55,2
16136,60,3,709.38,1
16139,19,3,635.41,1
16140,66,2,725.18,1
16141,89,1,620.4,1
16142,250,1,535.34,2
16143,4,6,2424.94,0
16144,247,1,175.2,2
16145,9,11,3799.4900000000002,0
16146,158,3,734.13,1
16147,134,1,375.0,1
16148,297,1,76.32000000000001,2
16149,5,2,280.52,1
16150,43,5,2053.02,0
16152,269,1,1829.04,2
16153,50,5,1824.23,0
16156,9,9,3122.04,0
16157,16,3,656.69,1
16159,282,1,348.2,2
16160,66,2,1025.44,1
16161,2,19,5575.56,0
16162,253,1,37.4,2
16163,233,2,856.6,2
16164,18,3,822.48,1
16168,11,27,3787.6,0
16169,9,4,1822.97,0
16170,51,6,1885.05,0
16171,60,1,73.2,1
16172,96,5,1140.21,0
16173,16,6,1418.32,0
16174,127,3,1009.5500000000001,1
16175,95,4,1037.59,1
16177,51,1,331.95,1
16178,139,1,197.9,1
16179,61,1,215.83,1
16180,101,8,10254.18,0
16181,74,1,305.54,1
16182,73,4,6617.65,0
16183,68,1,338.71000000000004,1
16184,65,6,1158.79,0
16185,17,2,529.41,1
16186,23,12,4006.94,0
16187,32,15,6911.4400000000005,0
16188,45,4,981.86,1
16189,16,2,215.48,1
16190,41,1,215.08,1
16191,3,13,5180.52,0
16193,237,1,314.45,2
16198,76,1,400.68100000000004,1
16200,5,2,1080.6200000000001,1
16201,4,4,1863.47,0
16202,361,1,365.27,2
16203,59,4,592.9,1
16204,24,1,405.71,1
16205,31,4,761.38,1
16206,55,4,537.0600000000001,1
16207,26,1,394.38,1
16208,45,2,664.26,1
16209,89,5,2262.62,0
16210,2,18,21086.3,0
16211,89,1,547.02,1
16212,20,2,690.34,1
16213,79,1,159.0,1
16214,171,3,1062.75,1
16215,81,1,242.35,1
16216,268,1,914.9300000000001,2
16217,236,2,304.25,2
16218,30,7,3084.68,0
16221,37,3,864.86,1
16222,319,1,846.72,2
16224,58,4,1295.3,0
16225,45,5,1096.32,0
16226,204,3,255.12,2
16227,226,1,314.22,2
16229,88,2,1010.6,1
16230,190,2,542.03,2
16232,44,4,990.88,1
16233,72,3,536.6800000000001,1
16235,41,5,867.31,0
16236,79,1,432.2,1
16239,57,2,414.2,1
16240,25,2,3718.8,0
16241,10,13,2607.87,0
16242,9,7,3603.21,0
16243,34,2,409.1,1
16244,212,2,1522.75,2
16245,24,3,1413.66,1
16247,171,1,114.56,2
16248,62,1,152.94,1
16249,53,5,1800.07,0
16250,262,2,389.44,2
16253,67,2,3683.86,0
16255,17,8,2619.91,0
16256,267,1,752.4300000000001,2
16257,177,1,46.95,2
16258,46,5,5203.51,0
16260,51,1,1035.45,1
16261,18,4,746.83,1
16265,10,9,5447.0,0
16266,74,7,861.89,0
16268,72,2,667.65,1
16270,354,1,1141.24,2
16271,3,5,1429.24,0
16272,117,1,411.7,1
16274,374,1,357.95,2
16275,197,1,559.87,2
16276,177,1,810.6000000000001,2
16278,101,1,566.38,1
16279,22,3,1509.58,1
16281,73,1,2062.06,1
16282,340,1,168.3,2
16283,6,5,1570.81,0
16284,32,2,823.97,1
16287,170,1,142.5,2
16292,122,1,302.25,1
16293,22,10,2248.9900000000002,0
16295,10,4,1328.55,0
16297,269,1,301.9,2
16298,23,3,598.2,1
16302,127,1,233.22,1
16303,26,3,5360.63,0
16305,139,1,361.21999999999997,1
16306,214,6,632.27,2
16308,38,4,2560.0,0
16309,107,2,706.57,1
16311,18,2,616.26,1
16313,4,2,274.15000000000003,1
16315,331,1,226.37,2
16316,65,8,2938.91,0
16317,120,3,1341.65,1
16318,36,1,328.15,1
16319,218,1,404.40000000000003,2
16322,2,2,326.75,1
16323,197,1,207.50000000000003,2
16324,129,3,428.68,1
16325,47,3,594.24,1
16326,6,14,3110.96,0
16327,15,6,3844.22,0
16330,18,3,251.91,1
16332,29,7,1593.2,0
16333,8,22,26626.8,0
16337,37,1,151.05,1
16338,158,1,214.79999999999998,2
16339,285,1,109.95,2
16340,108,1,549.07,1
16341,25,4,1971.87,0
16342,76,4,322.41,1
16343,17,2,370.47999999999996,1
16344,159,1,101.10000000000001,2
16345,45,1,575.41,1
16347,12,2,887.65,1
16348,33,7,1469.45,0
16349,291,1,53.5,2
16350,22,4,1116.47,0
16351,333,1,153.9,2
16352,18,2,494.44,1
16353,4,23,6675.71,0
16354,64,2,395.8,1
16356,198,3,211.77,2
16357,34,3,658.88,1
16358,2,4,2027.5,0
16359,8,9,1750.92,0
16360,5,6,3512.53,0
16361,10,4,896.66,1
16362,33,5,734.77,1
16363,54,1,109.36000000000001,1
16364,12,2,707.04,1
16365,18,9,1540.42,0
16366,19,1,327.3,1
16367,38,2,804.49,1
16368,3,2,497.43,1
16369,19,3,1553.66,1
16370,83,4,1320.56,0
16372,34,2,367.93,1
16374,67,2,473.03000000000003,1
16376,9,2,987.01,1
16377,268,1,676.2,2
16378,248,3,362.95,2
16379,5,4,2157.4,0
16380,62,1,1780.59,1
16383,75,2,668.36,1
16384,90,2,584.5,1
16385,61,3,555.89,1
16386,29,2,317.2,1
16387,323,1,94.36,2
16389,54,4,1382.07,0
16392,270,1,221.19,2
16393,3,13,3046.21,0
16394,57,5,1555.34,0
16395,61,5,1486.9,0
16398,155,2,1705.8,1
16399,20,2,408.57,1
16400,95,1,303.93,1
16401,2,12,4098.32,0
16402,265,2,299.6,2
16403,313,1,177.5,2
16404,71,1,443.05,1
16405,303,2,167.25,2
16406,19,1,163.07,1
16407,13,10,2126.93,0
16409,37,5,2028.88,0
16411,20,2,214.65,1
16412,54,1,151.83,1
16413,57,1,262.2,1
16414,22,2,126.25,1
16415,45,1,210.35,1
16416,27,3,1051.4,1
16418,45,3,675.27,1
16419,113,6,972.23,0
16422,18,51,34684.4,0
16423,25,1,346.12,1
16424,192,1,133.56,2
16425,303,1,302.7,2
16426,3,10,1908.25,0
16427,264,2,241.06,2
16429,107,1,284.55,1
16430,58,1,300.85,1
16431,214,3,642.81,2
16432,65,1,287.4,1
16433,29,1,184.26,1
16434,30,7,1522.25,0
16438,6,5,798.35,0
16440,8,5,3640.67,0
16441,68,2,381.2,1
16442,2,3,616.79,1
16444,47,4,654.67,1
16445,34,1,230.51,1
16446,1,2,168472.5,0
16447,136,1,259.01,1
16448,199,1,188.89000000000001,2
16449,198,2,707.69,2
16450,150,1,311.92,2
16451,88,1,266.97,1
16454,45,2,6.9,1
16455,64,7,1841.18,0
16456,100,5,2158.37,0
16457,219,1,208.36,2
16458,3,18,3482.7400000000002,0
16460,29,3,814.72,1
16461,178,1,151.42,2
16462,74,3,136.0,1
16463,22,4,1422.4,0
16464,20,3,1314.68,1
16466,34,7,1603.46,0
16468,75,1,74.9,1
16469,24,4,650.43,1
16470,52,4,762.39,1
16471,275,1,223.95000000000002,2
16473,165,3,316.11,2
16474,8,7,1871.5,0
16475,89,4,544.3,1
16477,64,7,2494.46,0
16478,26,3,331.0,1
16479,11,2,300.83,1
16480,76,1,769.29,1
16482,16,1,220.62,1
16483,193,1,139.35,2
16484,174,2,404.3,2
16485,78,1,363.65,1
16488,34,3,498.8,1
16491,47,1,731.5,1
16493,80,4,1351.63,0
16494,297,1,826.53,2
16495,4,3,684.41,1
16496,9,3,1599.52,1
16497,50,6,2965.69,0
16498,162,2,100.97,2
16499,361,2,365.45,2
16500,5,6,400.86,1
16503,107,4,1431.93,0
16504,26,1,484.38,1
16505,32,1,777.6,1
16506,20,2,90.30000000000001,1
16509,297,1,363.7,2
16510,373,1,248.1,2
16511,22,3,950.26,1
16513,5,4,874.59,1
16515,53,5,1627.13,0
16516,31,1,101.69999999999999,1
16517,278,1,162.7,2
16518,62,2,484.32,1
16519,26,2,215.07999999999998,1
16520,187,3,1046.57,2
16523,2,21,9418.470000000001,0
16525,3,26,13027.45,0
16526,172,1,290.36,2
16527,82,1,228.06,1
16528,4,1,244.41,1
16529,191,1,455.25,2
16531,23,7,1244.59,0
16532,18,3,6748.8,0
16533,20,3,1095.56,1
16535,6,1,593.75,1
16536,111,1,548.97,1
16539,3,4,1388.81,0
16542,54,1,119.62,1
16545,165,1,339.3,2
16546,291,2,787.15,2
16549,11,10,4154.64,0
16550,109,5,2298.97,0
16551,96,3,922.12,1
16552,243,2,379.73,2
16553,164,12,5719.82,0
16554,43,3,837.1,1
16555,36,2,285.89,1
16556,67,7,3313.79,0
16557,25,2,281.85,1
16558,1,20,8338.49,0
16560,27,2,841.41,1
16561,6,2,511.12,1
16563,54,1,1077.74,1
16565,365,1,173.7,2
16566,16,5,614.66,1
16567,195,2,865.6,2
16569,4,1,124.2,1
16570,16,10,3738.4,0
16571,27,3,1421.69,1
16572,128,3,1009.6,1
16573,85,2,663.61,1
16574,72,1,451.44,1
16581,183,1,105.84,2
16582,114,1,313.62,1
16583,374,1,233.45,2
16584,81,2,936.08,1
16586,249,1,463.95,2
16587,233,1,225.15,2
16589,72,3,459.24,1
16591,69,1,213.5,1
16592,5,16,4113.68,0
16593,51,3,330.03,1
16594,76,1,181.09,1
16595,62,1,360.16,1
16596,16,2,250.15,1
16597,5,1,90.04,1
16598,286,1,145.04999999999998,2
16600,5,6,813.52,0
16601,41,1,244.79999999999998,1
16602,37,1,528.08,1
16603,75,2,482.47,1
16607,18,14,3347.71,0
16609,16,7,5493.46,0
16610,220,1,75.66,2
16611,187,1,129.49,2
16612,33,4,1187.66,0
16613,71,1,618.59,1
16614,183,1,506.19,2
16616,16,2,500.42,1
16617,236,1,151.85,2
16618,32,5,2647.59,0
16619,264,1,226.21,2
16620,4,2,178.96,1
16621,52,4,813.48,1
16623,246,1,129.45,2
16624,81,2,810.5699999999999,1
16625,275,1,333.08,2
16626,1,17,4413.1,0
16627,80,1,322.8,1
16628,30,5,2188.05,0
16629,74,2,417.73,1
16633,18,6,2883.1,0
16634,223,2,217.9,2
16637,33,4,1154.47,0
16638,23,10,1680.72,0
16639,32,3,1257.51,1
16641,106,1,231.10000000000002,1
16642,5,2,688.33,1
16643,246,1,487.51,2
16644,178,2,833.78,2
16647,170,2,214.06,2
16648,43,1,290.65999999999997,1
16650,72,1,518.42,1
16652,59,7,6773.97,0
16653,17,2,1212.66,1
16654,142,4,601.27,1
16655,18,6,3794.52,0
16656,23,15,8625.8,0
16657,10,4,933.62,1
16658,369,1,123.24,2
16659,190,1,39.12,2
16660,17,4,1267.6499999999999,0
16665,363,1,135.39999999999998,2
16666,20,1,118.98,1
16667,69,2,570.13,1
16668,16,6,306.71999999999997,1
16669,24,3,1374.8700000000001,1
16670,17,11,4095.9,0
16671,29,3,1692.27,0
16672,3,20,8134.9400000000005,0
16674,55,2,319.61,1
16676,34,4,1592.1200000000001,0
16678,3,12,3109.99,0
16679,367,1,129.75,2
16680,44,1,183.7,1
16681,73,6,1770.34,0
16682,5,5,1028.0,0
16684,5,28,66653.56,0
16685,62,2,324.24,1
16686,48,7,3062.83,0
16688,2,4,1260.86,0
16689,76,2,422.59999999999997,1
16690,73,2,225.57999999999998,1
16692,257,2,1276.0,2
16693,69,2,482.01,1
16696,136,4,657.9000000000001,1
16697,242,1,112.75,2
16698,227,2,1998.0,2
16700,9,13,5076.55,0
16701,9,13,5398.3,0
16705,1,20,14034.99,0
16706,38,3,531.35,1
16708,46,1,656.63,1
16709,85,5,3029.87,0
16710,20,10,2483.04,0
16711,4,5,1651.03,0
16712,10,11,3645.43,0
16713,19,15,6923.13,0
16714,219,3,1161.53,2
16715,79,1,301.71999999999997,1
16716,267,2,901.2,2
16717,24,6,3858.38,0
16718,370,1,623.75,2
16719,15,7,1790.42,0
16720,27,1,155.24,1
16721,263,1,292.47,2
16722,18,13,4730.81,0
16723,92,2,589.15,1
16725,303,7,781.02,2
16726,27,5,1382.02,0
16727,365,1,272.82,2
16728,47,4,1054.67,1
16729,39,21,7239.92,0
16730,53,3,743.11,1
16732,32,1,603.75,1
16734,53,3,650.51,1
16735,79,5,2300.56,0
16737,54,1,417.59999999999997,1
16738,298,1,3.75,2
16739,177,1,323.0,2
16742,47,1,464.9,1
16743,30,7,2238.09,0
16744,12,7,1304.76,0
16745,87,17,7194.3,0
16746,5,18,6697.66,0
16747,38,2,836.06,1
16748,18,5,1515.9,0
16750,45,5,623.93,1
16751,31,1,1764.72,1
16752,373,1,207.5,2
16753,59,1,223.92000000000002,1
16754,373,1,2002.4,2
16755,115,3,1496.83,1
16756,215,1,239.4,2
16757,319,1,106.83000000000001,2
16758,66,1,369.34000000000003,1
16759,8,3,789.79,1
16761,97,1,316.62,1
16762,20,3,1501.38,1
16763,199,1,611.85,2
16764,4,13,2799.25,0
16765,295,1,34.0,2
16766,274,2,1145.6,2
16767,31,11,5580.6,0
16768,48,3,478.09000000000003,1
16769,261,1,380.39,2
16770,58,5,770.1,1
16771,34,5,2246.81,0
16773,58,1,171.59,1
16774,68,4,661.52,1
16775,11,11,1695.66,0
16776,61,1,388.28,1
16777,81,2,226.35,1
16778,75,2,245.94,1
16779,3,22,10629.720000000001,0
16780,101,2,425.19,1
16781,373,1,311.25,2
16782,11,13,2279.9,0
16784,20,1,107.6,1
16788,124,2,597.48,1
16789,9,1,80.8,1
16790,4,6,1545.6200000000001,0
16791,30,7,1721.78,0
16792,283,2,110.38000000000001,2
16793,58,1,243.84,1
16794,2,10,1222.71,0
16795,366,1,414.88,2
16796,90,1,305.62,1
16800,12,1,1201.49,1
16801,164,4,1619.73,0
16803,66,1,332.3,1
16804,24,3,536.99,1
16805,174,2,460.59,2
16806,104,4,801.49,1
16807,143,3,1121.59,1
16808,100,2,288.42,1
16809,24,5,914.69,0
16810,193,1,309.54,2
16811,5,2,547.07,1
16812,361,1,479.35,2
16813,9,10,1692.98,0
16814,15,21,6509.1,0
16816,104,4,417.06,1
16817,3,9,1604.75,0
16818,11,11,3349.57,0
16820,96,1,497.61,1
16823,228,1,358.38,2
16824,16,2,460.64,1
16825,39,2,775.1800000000001,1
16826,52,1,341.7,1
16828,94,2,128.5,1
16829,157,1,197.22,2
16830,39,1,325.91,1
16832,185,3,199.15,2
16833,2,4,1106.53,0
16834,228,1,413.46,2
16835,129,2,180.85,1
16836,40,2,251.87,1
16837,32,11,3170.98,0
16838,198,2,588.85,2
16839,9,34,16594.35,0
16841,37,6,1869.82,0
16842,101,3,1264.19,1
16843,43,16,10196.57,0
16846,51,1,214.32,1
16847,44,1,193.44,1
16848,53,1,281.42,1
16849,187,1,124.57,2
16850,334,1,332.41,2
16851,5,3,342.45,1
16852,11,2,144.91000000000003,1
16855,24,2,328.4,1
16856,15,1,35.400000000000006,1
16858,369,1,375.69000000000005,2
16859,145,2,747.81,1
16861,60,2,173.76,1
16863,32,2,502.8,1
16866,141,3,207.73999999999998,1
16869,23,4,825.42,1
16871,23,6,2812.34,0
16872,78,3,680.02,1
16873,5,6,7123.62,0
16875,68,5,2095.53,0
16877,13,6,853.72,0
16878,85,1,13.3,1
16880,31,7,1519.08,0
16881,67,1,432.0,1
16882,67,3,705.12,1
16883,188,2,276.73,2
16884,38,2,429.84000000000003,1
16885,16,3,471.51,1
16887,36,1,194.88,1
16889,195,3,1578.67,2
16891,2,5,809.7,0
16892,2,5,525.54,1
16893,367,1,145.93,2
16895,65,1,219.14,1
16897,300,2,289.78,2
16898,27,3,508.81,1
16899,8,6,1281.56,0
16900,17,3,887.11,1
16902,117,1,1706.88,1
16903,30,1,373.24,1
16904,5,16,3754.27,0
16905,6,7,3102.43,0
16906,82,4,579.77,1
16907,30,5,981.65,0
16909,73,1,379.14,1
16910,5,8,1510.06,0
16912,29,11,2575.38,0
16913,291,1,113.44,2
16914,37,1,208.46,1
16915,10,6,621.6800000000001,0
16916,24,2,576.26,1
16917,277,1,391.52,2
16918,50,6,1068.82,0
16919,157,11,2596.45,0
16921,62,1,169.79,1
16923,13,19,7247.61,0
16924,22,3,846.75,1
16926,372,1,230.25,2
16927,116,3,543.05,1
16928,81,17,2847.6,0
16929,4,7,1295.39,0
16930,27,3,380.55,1
16931,6,21,4604.22,0
16932,54,1,161.94,1
16933,2,2,563.23,1
16934,55,2,950.9300000000001,1
16936,26,1,262.68,1
16938,9,4,2736.38,0
16940,53,3,3049.88,0
16942,13,9,1920.59,0
16943,212,3,816.73,2
16945,22,19,4345.5,0
16947,236,1,406.48,2
16948,139,3,435.02,1
16949,4,6,1286.27,0
16950,57,3,1178.56,1
16951,135,3,1277.75,1
16952,110,2,167.61,1
16953,31,1,20.8,1
16954,1,9,2085.08,0
16955,185,4,518.67,2
16956,18,1,308.74,1
16957,240,2,416.64,2
16959,88,1,117.35000000000001,1
16960,39,3,507.05,1
16961,117,1,234.17,1
16963,188,1,110.55000000000001,2
16965,227,1,201.19,2
16966,9,7,2154.97,0
16967,190,1,319.02,2
16968,5,2,439.43,1
16969,40,3,650.41,1
16971,39,1,357.21,1
16976,268,1,251.51999999999998,2
16978,78,1,344.33,1
16979,4,6,1852.0,0
16980,256,2,1078.96,2
16982,61,1,384.06,1
16983,13,7,1931.25,0
16984,89,2,4481.35,0
16985,18,10,5464.12,0
16986,30,2,1873.2,1
16987,4,7,1625.05,0
16988,6,1,126.12,1
16989,8,6,1133.25,0
16990,219,1,179.0,2
16992,11,5,1614.31,0
16996,31,6,1456.96,0
16997,289,3,702.0,2
16998,150,4,295.0,1
16999,24,2,484.82,1
17001,1,11,3989.57,0
17002,86,3,1493.73,1
17004,47,2,1412.94,1
17006,5,4,781.78,1
17007,51,6,889.9300000000001,0
17010,19,1,195.36,1
17011,31,1,270.9,1
17014,9,3,586.33,1
17015,29,3,1842.56,0
17017,3,20,8694.26,0
17018,41,2,920.1,1
17019,12,4,1272.61,0
17022,32,1,71.0,1
17024,46,3,95.85,1
17025,61,3,357.77,1
17026,186,2,154.82999999999998,2
17027,79,6,890.29,0
17029,111,2,716.0,1
17030,64,1,146.87,1
17031,12,2,380.35,1
17033,87,3,1030.14,1
17034,17,3,745.52,1
17035,246,2,433.53000000000003,2
17037,88,1,1267.32,1
17038,31,1,112.4,1
17040,138,1,449.73,1
17041,27,3,1081.57,1
17042,3,5,1044.3799999999999,0
17043,33,4,1735.18,0
17044,26,1,948.48,1
17045,114,3,339.44,1
17046,158,1,642.02,1
17047,86,3,1100.9,1
17048,118,3,925.35,1
17049,3,9,5659.9800000000005,0
17050,97,6,3228.84,0
17051,195,1,247.14000000000001,2
17052,29,1,413.75,1
17053,131,1,498.48,1
17054,29,5,1356.33,0
17058,82,3,1179.89,1
17059,30,5,3095.04,0
17060,267,1,234.24,2
17061,74,11,5232.2300000000005,0
17062,314,4,538.37,2
17063,22,7,1461.14,0
17064,59,3,859.35,1
17068,13,21,4552.14,0
17069,29,9,2709.7000000000003,0
17070,115,1,312.14,1
17071,29,9,2429.03,0
17073,18,4,1446.09,0
17075,18,4,834.12,1
17076,37,3,841.0799999999999,1
17078,37,2,378.2,1
17079,79,1,118.80000000000001,1
17080,23,2,287.62,1
17081,26,2,290.16,1
17082,34,2,2003.85,1
17083,110,3,1405.78,1
17084,36,2,2949.75,1
17085,124,5,1566.65,0
17086,8,6,2050.08,0
17088,29,4,1991.01,0
17090,5,7,2043.95,0
17091,3,9,3827.76,0
17092,51,4,1777.78,0
17094,323,1,302.0,2
17095,23,3,1324.16,1
17096,16,4,1022.13,1
17100,19,2,971.74,1
17101,11,4,1621.73,0
17102,262,1,25.5,2
17105,160,2,665.78,1
17107,34,6,10815.43,0
17109,30,6,885.04,0
17110,166,1,163.29999999999998,2
17111,48,1,248.61,1
17114,6,8,808.62,0
17115,9,3,837.5,1
17117,289,1,116.19999999999999,2
17118,318,1,157.02,2
17119,4,2,606.91,1
17120,234,1,307.46,2
17122,120,1,138.32,1
17123,162,1,345.29999999999995,2
17124,186,1,298.89,2
17125,51,1,259.35,1
17126,153,5,1004.75,0
17128,335,1,157.09,2
17131,6,5,2463.17,0
17133,16,7,4892.240000000001,0
17134,107,2,425.0,1
17135,17,7,1139.73,0
17138,276,1,380.5,2
17139,16,12,10668.47,0
17140,248,1,465.32,2
17142,240,1,579.0,2
17144,2,2,984.57,1
17146,106,3,749.78,1
17147,23,4,1714.59,0
17148,52,1,124.88,1
17152,195,3,1689.5,2
17153,25,1,213.78,1
17154,76,1,329.34,1
17155,18,2,251.70000000000002,1
17157,8,2,319.0,1
17158,33,3,1266.97,1
17159,22,3,1538.88,1
17160,32,6,3518.03,0
17162,29,10,1715.46,0
17163,22,2,293.1,1
17164,33,7,2467.35,0
17165,285,1,158.68,2
17166,39,2,206.34,1
17169,58,2,835.78,1
17171,290,1,224.91,2
17172,79,1,317.76,1
17173,6,8,3766.6,0
17174,218,1,59.9,2
17175,45,4,1443.69,0
17176,202,1,306.13,2
17179,179,3,711.79,2
17180,57,4,796.03,1
17181,58,2,239.92000000000002,1
17183,8,6,3347.31,0
17186,47,2,144.0,1
17187,227,1,203.95,2
17188,12,7,2474.23,0
17189,107,2,384.40000000000003,1
17190,59,2,444.74,1
17191,29,7,2095.13,0
17193,36,7,1699.3000000000002,0
17194,274,2,262.62,2
17197,30,1,1013.01,1
17198,24,3,692.22,1
17201,54,1,342.63,1
17203,36,6,3563.85,0
17204,176,4,1564.56,0
17205,54,1,384.08,1
17206,54,1,204.24,1
17211,27,8,2317.2200000000003,0
17212,254,1,226.85,2
17213,41,7,2781.23,0
17214,61,6,1069.1200000000001,0
17217,235,1,113.5,2
17218,5,10,1960.72,0
17219,32,1,114.23,1
17220,25,14,3198.25,0
17221,8,2,335.13,1
17222,66,1,354.15,1
17223,311,2,426.79,2
17226,309,1,393.49,2
17227,19,6,939.32,0
17228,16,8,1906.09,0
17229,97,2,318.76,1
17230,265,8,3638.41,0
17231,13,10,3174.32,0
17232,3,2,421.52,1
17233,36,1,190.88,1
17234,183,1,149.89000000000001,2
17235,26,2,550.06,1
17236,13,6,916.13,0
17237,12,2,314.69,1
17238,3,17,3744.65,0
17239,313,1,382.5,2
17242,109,2,1135.04,1
17243,2,26,8676.85,0
17244,54,1,954.9,1
17245,205,1,171.45,2
17247,16,1,282.19,1
17248,121,1,318.65,1
17250,4,2,384.52,1
17251,363,1,283.28000000000003,2
17252,117,2,353.86,1
17253,19,1,178.26,1
17254,5,2,272.44,1
17255,41,2,298.41,1
17256,108,2,240.0,1
17259,149,2,603.37,1
17262,53,5,1253.3600000000001,0
17263,209,1,63.440000000000005,2
17265,139,2,562.9,1
17266,3,3,310.64,1
17267,128,2,317.62,1
17268,108,4,763.64,1
17272,43,4,2148.63,0
17274,36,1,111.97999999999999,1
17277,228,2,1065.3500000000001,2
17278,242,1,246.04,2
17279,58,1,187.82999999999998,1
17282,131,3,1703.41,1
17284,61,6,1652.58,0
17286,22,1,153.92,1
17287,27,7,1064.11,0
17288,10,7,1419.73,0
17289,32,3,944.41,1
17290,4,2,525.24,1
17291,309,1,550.8000000000001,2
17293,9,9,1875.1100000000001,0
17295,29,3,556.95,1
17297,18,1,131.78,1
17298,102,2,498.42,1
17299,12,4,669.11,1
17301,22,1,197.63,1
17302,15,5,1135.63,0
17303,362,1,250.04,2
17306,11,19,8631.31,0
17309,96,1,82.75,1
17311,79,2,1384.85,1
17312,139,3,644.3,1
17313,32,1,2328.84,1
17314,25,8,2527.92,0
17315,2,38,6292.26,0
17317,47,3,2600.34,0
17320,101,3,1200.6200000000001,1
17321,9,2,700.86,1
17323,16,7,921.07,0
17324,18,4,990.23,1
17325,281,1,96.8,2
17329,15,2,523.11,1
17330,23,2,363.9,1
17331,124,1,175.2,1
17333,86,1,494.25,1
17334,303,2,307.02,2
17337,152,4,2027.8700000000001,0
17338,18,8,6643.93,0
17339,95,2,243.36,1
17340,30,11,12353.29,0
17341,157,3,781.36,1
17343,356,1,193.64,2
17344,47,1,160.57,1
17345,16,4,537.74,1
17346,4,15,2676.56,0
17347,87,1,228.96,1
17348,15,5,1159.52,0
17349,180,1,110.75,2
17350,9,4,1286.07,0
17351,37,3,587.15,1
17353,130,2,1740.0,1
17354,51,1,1393.06,1
17356,312,1,178.22,2
17357,25,2,388.14,1
17358,304,2,365.85,2
17359,12,1,127.86,1
17360,18,3,585.79,1
17361,50,3,488.2,1
17362,240,2,312.23,2
17364,1,11,4481.18,0
17365,13,8,4801.56,0
17367,239,1,168.4,2
17368,24,8,1912.67,0
17370,73,4,446.18,1
17371,18,3,423.89,1
17372,41,8,1342.68,0
17373,41,4,646.92,1
17374,219,2,495.77,2
17375,200,3,400.1,2
17376,71,2,203.2,1
17377,24,20,4100.92,0
17379,12,1,404.66,1
17381,9,29,20275.61,0
17382,66,1,65.4,1
17383,5,1,199.29,1
17384,20,2,336.4,1
17385,15,1,261.11,1
17386,8,6,2686.42,0
17387,20,2,784.11,1
17388,78,4,1259.56,0
17389,1,34,31833.68,0
17391,164,2,508.8,1
17392,307,2,457.91,2
17394,220,1,203.86999999999998,2
17396,40,8,7330.8,0
17397,23,2,696.41,1
17398,115,3,653.38,1
17400,127,5,2129.96,0
17402,5,13,2633.85,0
17403,37,1,281.62,1
17405,2,3,1031.41,1
17406,334,3,2200.42,2
17408,164,1,32.65,2
17409,185,2,771.85,2
17410,17,5,1214.72,0
17411,13,3,778.94,1
17412,3,7,1258.06,0
17414,44,2,778.0,1
17415,80,1,507.84,1
17416,30,7,6893.42,0
17418,43,2,463.46000000000004,1
17419,12,12,4226.57,0
17420,51,3,598.83,1
17422,17,6,1979.37,0
17423,47,2,698.41,1
17425,20,2,759.17,1
17426,9,6,5037.26,0
17427,72,1,100.8,1
17428,1,28,17256.85,0
17429,129,3,524.9200000000001,1
17430,33,2,265.76,1
17431,314,1,403.3,2
17432,19,2,365.76,1
17433,89,1,303.15999999999997,1
17434,3,7,2373.82,0
17436,2,2,216.29999999999998,1
17438,254,1,388.45000000000005,2
17440,157,3,186.42000000000002,2
17442,37,6,2248.56,0
17446,177,2,120.9,2
17447,41,2,541.53,1
17449,3,7,2520.86,0
17450,9,46,194550.79,0
17451,2,7,1721.4,0
17453,18,2,486.71999999999997,1
17454,193,4,517.53,2
17455,204,1,131.7,2
17456,366,1,249.86,2
17457,127,5,1737.7,0
17458,16,1,316.5,1
17459,44,2,657.3,1
17460,95,6,622.4300000000001,1
17461,23,3,757.46,1
17462,61,2,675.69,1
17463,17,5,1896.41,0
17464,159,1,289.96000000000004,2
17466,11,2,763.28,1
17468,11,2,137.0,1
17469,17,5,1870.97,0
17470,45,5,1125.07,0
17472,192,3,710.29,2
17475,80,1,194.37,1
17480,78,1,511.82,1
17481,4,4,1255.59,0
17483,66,3,414.04,1
17486,262,1,396.87,2
17489,59,2,376.64,1
17490,1,7,2092.32,0
17491,2,10,3558.87,0
17492,249,1,374.57,2
17495,8,2,497.56,1
17496,359,1,271.05,2
17498,76,1,272.22,1
17499,290,1,622.88,2
17500,18,3,1138.0,1
17501,221,2,288.6,2
17502,10,4,689.1,1
17503,3,2,558.96,1
17504,207,9,2997.0299999999997,0
17505,162,2,1145.84,1
17506,76,1,302.2,1
17507,262,2,605.58,2
17509,58,8,6115.14,0
17510,25,1,308.48,1
17511,3,31,91062.38,0
17512,29,10,2924.9900000000002,0
17513,73,1,513.2,1
17514,129,1,208.65,1
17515,32,4,639.02,1
17516,16,5,768.08,0
17517,309,1,153.94,2
17519,18,6,1844.02,0
17520,54,1,546.81,1
17521,30,3,723.2099999999999,1
17522,2,5,1070.71,0
17523,12,4,652.74,1
17524,362,1,145.0,2
17525,360,1,422.70000000000005,2
17526,5,4,1195.8999999999999,0
17527,54,4,939.37,1
17528,2,8,3628.5,0
17530,2,10,2385.0,0
17531,191,1,296.7,2
17534,54,1,223.36,1
17535,281,1,164.4,2
17536,178,1,76.5,2
17537,30,2,897.62,1
17538,26,1,98.42,1
17540,25,2,578.9,1
17542,270,1,170.75,2
17545,44,3,645.96,1
17548,234,1,103.3,2
17549,24,2,148.86,1
17550,198,3,267.16,2
17551,360,1,306.84,2
17552,61,4,930.41,1
17553,130,1,1487.6,1
17554,2,5,1952.45,0
17555,20,2,483.26,1
17556,206,1,157.9,2
17557,15,3,541.46,1
17560,95,4,854.95,1
17561,20,1,167.62,1
17562,15,7,1122.38,0
17564,25,3,454.01,1
17566,9,2,901.21,1
17567,8,8,4331.48,0
17569,333,1,344.14,2
17571,51,4,1498.51,0
17572,72,4,226.75000000000003,1
17573,30,3,380.6,1
17574,243,1,185.65,2
17576,9,19,3622.68,0
17578,219,1,143.45999999999998,2
17579,5,3,448.90000000000003,1
17580,253,3,215.72,2
17581,1,25,11045.04,0
17582,237,1,175.27,2
17584,8,2,1242.3,1
17585,110,4,1133.07,1
17588,101,3,1240.2,1
17589,61,4,2404.17,0
17590,3,3,1479.22,1
17591,74,7,2225.9700000000003,0
17593,4,5,3927.34,0
17594,86,2,993.18,1
17595,13,2,388.79,1
17596,24,7,2827.93,0
17597,214,1,2044.3700000000001,2
17600,18,1,161.67000000000002,1
17601,240,1,116.00999999999999,2
17602,3,6,5102.97,0
17603,79,1,394.72,1
17604,218,2,309.36,2
17608,34,2,193.42,1
17609,41,5,1112.22,0
17611,8,15,3984.22,0
17612,54,6,2048.45,0
17613,23,14,4559.150000000001,0
17614,58,1,390.07,1
17615,131,3,329.6,1
17616,174,3,571.1999999999999,2
17618,6,3,971.58,1
17619,313,1,218.52,2
17620,60,1,81.44,1
17621,22,3,1379.9,1
17623,33,1,527.0500000000001,1
17624,15,2,843.48,1
17625,19,4,2047.0,0
17628,82,1,75.75,1
17629,6,8,1814.12,0
17630,170,2,503.59999999999997,2
17631,2,3,528.33,1
17633,32,4,1324.84,0
17634,37,9,2361.9700000000003,0
17636,20,1,285.56,1
17637,32,2,547.0600000000001,1
17639,277,1,108.5,2
17640,87,1,621.66,1
17642,120,2,712.29,1
17643,374,1,101.55,2
17644,2,11,2895.64,0
17646,220,3,1008.39,2
17647,66,1,133.06,1
17648,61,4,1797.5,0
17649,139,1,868.49,1
17650,22,1,166.08,1
17651,12,10,3945.0,0
17652,26,12,4867.72,0
17653,37,4,1207.56,0
17654,278,1,117.55,2
17655,11,7,2638.94,0
17656,74,5,1674.69,0
17658,26,2,595.42,1
17659,18,12,2999.46,0
17660,142,1,196.0,2
17663,26,7,1802.91,0
17664,19,2,604.64,1
17666,4,2,728.16,1
17667,67,5,2055.51,0
17668,2,2,347.75,1
17669,43,7,3406.7200000000003,0
17670,228,1,205.7,2
17671,16,4,1572.71,0
17672,51,2,3178.17,0
17673,2,6,1629.12,0
17674,75,2,551.04,1
17675,2,31,20374.28,0
17676,5,6,1387.68,0
17677,2,30,16363.23,0
17678,264,1,298.11,2
17679,53,2,1992.1100000000001,1
17680,24,1,184.4,1
17682,11,6,2474.33,0
17684,44,1,239.41,1
17685,17,7,3191.53,0
17686,8,7,5739.46,0
17690,31,15,4757.95,0
17691,359,2,290.40000000000003,2
17692,128,4,740.9399999999999,1
17693,138,1,200.47,1
17694,142,1,283.12,1
17695,132,2,765.34,1
17696,39,8,2285.71,0
17697,237,1,338.95,2
17698,261,1,154.95,2
17700,17,4,2534.64,0
17701,253,1,417.95,2
17702,31,4,1824.37,0
17703,36,3,798.74,1
17704,169,2,885.19,1
17705,4,9,1823.52,0
17706,5,17,10504.49,0
17707,186,2,152.4,2
17708,188,2,267.08,2
17709,170,1,137.45,2
17711,11,2,385.1,1
17712,45,1,522.91,1
17714,321,1,153.0,2
17715,201,1,326.4,2
17716,23,11,5655.99,0
17718,233,1,139.35,2
17719,38,15,5396.04,0
17720,27,4,1195.94,0
17722,97,4,2424.04,0
17723,128,6,3276.4000000000005,0
17724,72,3,1033.0,1
17725,17,11,3439.08,0
17727,16,1,1060.25,1
17728,4,3,2876.01,0
17730,4,13,5298.4800000000005,0
17731,80,4,1240.11,0
17732,373,1,303.97,2
17733,39,2,692.19,1
17734,54,3,700.63,1
17735,3,19,13110.02,0
17736,10,3,377.44,1
17737,10,2,168.24,1
17738,20,4,1879.05,0
17739,12,7,2791.35,0
17742,114,2,355.11,1
17744,4,6,2322.4,0
17746,241,1,110.25,2
17747,113,1,71.4,1
17749,179,2,674.52,2
17750,6,9,1797.57,0
17752,360,1,80.64,2
17754,1,5,1772.26,0
17757,2,30,5605.29,0
17758,20,8,3456.7000000000003,0
17759,18,3,834.99,1
17760,22,2,287.59,1
17761,33,1,712.78,1
17763,264,1,15.0,2
17764,51,2,818.8199999999999,1
17765,159,3,371.88,1
17767,16,1,271.2,1
17768,9,3,2273.1800000000003,0
17769,13,10,3997.98,0
17770,199,5,1143.27,0
17771,57,2,245.81,1
17772,11,2,182.77,1
17774,97,4,1225.41,1
17775,255,1,56.4,2
17777,25,3,665.86,1
17779,22,3,658.57,1
17781,160,2,188.02,2
17783,73,2,283.47,1
17785,54,1,131.94,1
17786,86,2,278.74,1
17787,153,4,1865.19,0
17788,74,2,1117.9,1
17789,282,1,225.9,2
17790,27,14,1965.55,0
17791,30,1,106.1,1
17793,26,1,323.04,1
17795,180,2,350.39,2
17796,41,4,697.9,1
17797,23,3,780.43,1
17799,23,10,3055.93,0
17800,38,9,1199.01,0
17802,83,3,1285.04,1
17805,74,1,512.31,1
17806,12,1,546.04,1
17809,17,12,5411.91,0
17811,5,39,7837.7300000000005,0
17812,13,4,732.16,1
17813,15,5,1770.8799999999999,0
17816,37,4,36.56,1
17817,5,3,387.68,1
17819,72,7,3704.87,0
17824,52,1,298.4,1
17827,6,5,1995.46,0
17830,2,3,398.7,1
17831,34,1,35.400000000000006,1
17832,50,1,155.37,1
17835,3,3,350.64,1
17836,48,1,110.21000000000001,1
17837,43,8,1593.38,0
17838,27,5,2779.3,0
17839,43,1,338.8,1
17841,2,124,40991.57,0
17843,304,1,205.48,2
17846,86,1,2033.1,1
17848,82,9,901.1999999999999,0
17849,219,4,605.8000000000001,2
17850,373,34,5391.21,0
17852,12,2,114.34,1
17854,186,2,311.26,2
17855,373,1,208.97,2
17856,2,4,1418.03,0
17857,5,23,26879.04,0
17858,6,12,5155.66,0
17859,305,1,148.21,2
17860,369,1,252.8,2
17861,4,8,2100.8,0
17862,324,1,330.9,2
17863,60,6,3160.0,0
17864,13,3,597.5,1
17865,31,20,10526.32,0
17866,143,1,329.65,1
17867,31,6,1197.1000000000001,0
17869,108,5,428.18,1
17870,3,12,1894.35,0
17871,205,1,155.9,2
17873,81,5,1859.16,0
17874,186,6,683.46,1
17877,171,1,237.61,2
17878,44,1,379.45,1
17879,174,1,178.51999999999998,2
17880,365,1,458.92,2
17881,305,1,133.35000000000002,2
17883,4,4,671.77,1
17884,4,4,717.45,1
17885,13,1,190.19,1
17886,32,3,899.61,1
17887,130,1,111.35,2
17888,22,8,726.05,0
17889,213,2,203.87,2
17890,323,2,602.09,2
17891,163,1,203.85999999999999,2
17892,57,3,244.1,1
17893,226,1,112.25,2
17894,72,8,1119.81,0
17895,45,1,98.0,1
17896,24,1,256.32,1
17897,173,3,566.6,1
17898,86,2,152.06,1
17899,160,1,155.8,2
17900,191,2,112.19999999999999,2
17901,30,1,110.38,1
17904,22,1,191.67,1
17905,72,4,800.24,1
17906,248,1,72.9,2
17908,374,1,243.28,2
17911,10,1,366.23,1
17912,311,5,311.01,2
17913,59,2,411.6,1
17914,4,1,336.43,1
17917,46,3,341.28,1
17919,89,1,1304.04,1
17920,5,17,4204.1,0
17921,65,4,826.52,1
17923,283,1,207.50000000000003,2
17924,12,7,2962.5,0
17925,373,1,244.08,2
17926,134,2,397.29,1
17928,46,2,212.54,1
17929,12,4,843.0,1
17930,36,5,1740.48,0
17931,135,2,408.36,1
17932,30,3,1331.57,1
17934,52,2,704.25,1
17935,139,2,145.79,1
17936,6,1,389.84,1
17937,9,7,4301.22,0
17939,160,1,99.14,2
17940,50,10,4106.4400000000005,0
17941,131,1,304.56,1
17942,8,1,77.50000000000001,1
17946,234,2,149.57999999999998,2
17947,38,1,176.68,1
17948,148,1,358.56000000000006,1
17949,2,45,58510.48,0
17950,73,3,482.2,1
17951,40,3,1008.5400000000001,1
17954,6,12,2332.72,0
17955,199,4,557.3,2
17956,250,1,12.75,2
17957,67,1,111.68,1
17958,117,1,508.4599999999999,1
17960,172,1,73.78,2
17961,22,39,1296.44,0
17962,143,1,102.83,2
17964,32,2,471.7,1
17965,38,14,2622.57,0
17966,38,5,1098.43,0
17967,372,1,123.07,2
17968,374,1,277.35,2
17969,167,2,228.2,2
17970,212,1,582.59,2
17972,242,1,136.04,2
17973,52,1,337.04,1
17974,25,3,740.79,1
17975,16,13,4488.81,0
17976,373,1,353.19,2
17977,30,1,288.14,1
17978,366,1,300.91999999999996,2
17979,36,4,757.71,1
17980,166,3,811.45,1
17984,146,1,152.68,2
17985,23,1,634.95,1
17986,57,1,20.8,1
17987,186,1,198.57,2
17988,12,7,201.12,1
17990,237,3,630.84,2
17991,226,2,93.35,2
17994,122,4,678.49,1
17995,282,1,76.1,2
17997,75,8,1970.6699999999998,0
17999,38,2,382.06,1
18001,13,2,417.23,1
18004,363,1,169.47,2
18005,4,2,249.72,1
18006,24,1,444.68,1
18008,71,9,2116.19,0
18009,236,1,257.34,2
18010,257,1,174.8,2
18011,374,1,102.78999999999999,2
18013,156,2,187.29,2
18014,29,1,166.42,1
18015,5,1,120.03,1
18016,33,5,1483.56,0
18017,82,3,523.0,1
18018,109,2,122.14,1
18019,52,1,38.45,1
18022,36,1,668.11,1
18024,153,2,389.78,1
18027,99,1,115.31,1
18030,5,2,230.64999999999998,1
18032,335,1,73.5,2
18033,66,1,97.97,1
18034,22,2,422.88,1
18035,36,3,730.4,1
18036,33,3,405.62,1
18037,155,6,70.02,2
18040,20,2,357.20000000000005,1
18041,12,21,4183.39,0
18042,54,1,165.04999999999998,1
18043,25,3,559.51,1
18044,5,10,2088.6,0
18045,46,1,189.4,1
18048,204,2,172.29000000000002,2
18050,360,1,74.4,2
18053,71,1,300.02,1
18055,8,10,6784.1900000000005,0
18056,289,1,363.65,2
18058,10,1,170.16,1
18059,24,3,306.46,1
18061,22,10,2119.41,0
18062,174,3,720.52,1
18064,134,2,814.0,1
18065,6,14,2392.83,0
18066,76,1,318.0,1
18067,41,1,396.33,1
18068,290,1,101.69999999999999,2
18069,27,5,2036.67,0
18071,258,2,453.0,2
18072,186,1,247.44,2
18073,115,12,3877.5200000000004,0
18074,374,1,489.6,2
18075,24,10,2611.75,0
18077,9,11,2633.0099999999998,0
18078,218,2,336.13,2
18079,46,4,3651.97,0
18080,19,2,1231.5,1
18081,37,3,343.45,1
18082,26,1,703.37,1
18084,17,1,90.47999999999999,1
18085,331,2,689.95,2
18086,275,1,101.34,2
18087,99,2,4055.7199999999993,0
18088,62,1,167.67000000000002,1
18092,3,11,9068.26,0
18093,94,4,2106.52,0
18094,82,7,3017.3,0
18095,313,2,580.0500000000001,2
18096,12,3,911.15,1
18097,8,6,2697.8,0
18099,128,1,168.31,1
18101,12,2,223.65,1
18102,1,60,259657.3,0
18104,38,1,754.64,1
18105,38,1,113.48000000000002,1
18106,330,1,430.7,2
18108,255,1,271.0,2
18109,2,26,8052.97,0
18110,20,1,236.3,1
18112,13,2,352.69,1
18113,369,1,76.32000000000001,2
18114,291,1,220.1,2
18116,68,8,1418.03,0
18117,26,1,320.72,1
18118,11,26,5653.82,0
18119,368,1,181.12,2
18120,215,1,111.15,2
18121,150,2,673.1,1
18122,9,6,1826.21,0
18123,25,2,589.4399999999999,1
18125,30,4,1142.99,0
18126,61,1,206.82999999999998,1
18127,20,3,348.73,1
18129,244,1,112.55000000000001,2
18130,16,3,1059.39,1
18133,213,1,931.4999999999999,2
18135,30,5,681.9100000000001,1
18136,64,3,784.33,1
18138,296,1,152.65,2
18139,18,6,8438.34,0
18142,158,2,1019.52,1
18143,117,2,1000.16,1
18144,8,12,2888.75,0
18145,13,4,2861.55,0
18146,141,2,160.35000000000002,1
18147,46,2,179.33999999999997,1
18149,51,3,612.0799999999999,1
18150,33,3,566.58,1
18151,135,2,653.35,1
18154,4,2,399.19,1
18155,76,3,371.62,1
18156,13,2,734.94,1
18158,10,2,453.4,1
18159,302,1,530.15,2
18160,58,2,638.0600000000001,1
18161,16,5,1618.69,0
18164,38,1,399.65000000000003,1
18165,178,1,302.46000000000004,2
18167,24,3,1384.8600000000001,1
18168,177,6,1169.94,0
18169,61,1,202.65,1
18170,34,3,980.31,1
18171,59,5,1231.31,0
18172,15,20,7561.68,0
18173,87,4,2106.84,0
18174,8,1,104.0,1
18176,359,1,476.35,2
18177,32,6,1341.42,0
18178,129,4,1590.81,0
18179,10,6,1793.17,0
18180,5,6,1843.75,0
18181,25,1,382.8,1
18183,228,2,632.07,2
18184,16,1,49.8,1
18185,250,1,304.25,2
18188,16,3,2001.04,0
18189,78,2,1090.24,1
18190,193,2,284.46000000000004,2
18191,262,1,207.79999999999998,2
18192,72,1,957.97,1
18193,166,1,243.76,2
18194,83,1,973.8399999999999,1
18196,96,2,689.13,1
18198,5,17,5425.56,0
18200,107,1,163.8,1
18202,200,3,1396.99,2
18203,158,1,160.42000000000002,2
18204,72,3,1993.7,0
18205,37,2,517.36,1
18209,29,1,139.10000000000002,1
18210,2,6,2621.38,0
18211,26,5,600.07,1
18212,327,1,248.42,2
18213,237,1,232.48000000000002,2
18215,90,1,299.34000000000003,1
18216,32,1,481.75,1
18217,30,2,621.75,1
18218,212,2,662.08,2
18219,3,10,2069.77,0
18220,227,1,305.28000000000003,2
18221,23,5,1041.61,0
18222,93,1,443.0,1
18223,5,14,6484.54,0
18224,264,1,158.95000000000002,2
18225,4,12,5509.12,0
18226,45,11,5228.05,0
18227,218,1,93.75,2
18228,57,2,779.9,1
18229,12,20,7276.900000000001,0
18230,10,7,2810.2000000000003,0
18231,193,5,2083.27,0
18232,82,4,592.97,1
18233,326,1,440.0,2
18235,72,3,1796.48,1
18236,30,6,882.24,0
18237,3,5,987.1,0
18239,219,5,1561.6100000000001,0
18240,47,1,422.58,1
18241,10,17,2073.09,0
18242,73,4,2232.4900000000002,0
18245,8,7,2567.06,0
18246,24,2,596.1,1
18248,123,2,804.02,1
18249,18,1,95.34,1
18250,311,1,349.27,2
18251,88,1,4314.72,1
18252,51,2,526.67,1
18255,90,1,103.3,1
18257,40,8,2337.63,0
18259,25,3,2338.6000000000004,0
18260,173,6,2643.2000000000003,0
18261,44,2,324.24,1
18262,141,1,149.48,2
18263,26,3,1213.1599999999999,1
18265,73,2,801.51,1
18268,135,1,25.5,2
18269,367,1,168.6,2
18270,39,2,283.15,1
18272,3,6,3078.58,0
18273,3,3,204.0,1
18274,31,1,175.92,1
18276,44,1,335.86,1
18277,59,1,110.38,1
18278,74,1,173.9,1
18280,278,1,180.60000000000002,2
18281,181,1,80.82,2
18282,8,2,178.05,1
18283,4,16,2094.88,0
18287,43,3,1837.28,0
